Gene_ID	module	ID
Sal_020924	brown4	SA014
Sal_033731	brown4	SA014
Sal_004091	brown4	SA014
Sal_011832	brown4	SA014
Sal_039041	brown4	SA014
Sal_005016	brown4	SA014
Sal_005994	brown4	SA014
Sal_007304	brown4	SA014
Sal_050826	brown4	SA014
Sal_014112	brown4	SA014
Sal_014362	brown4	SA014
Sal_027273	brown4	SA014
Sal_041154	brown4	SA014
Sal_007196	brown4	SA014
Sal_013185	brown4	SA014
Sal_001686	brown4	SA014
Sal_020981	brown4	SA014
Sal_018679	brown4	SA014
Sal_019416	brown4	SA014
Sal_030839	brown4	SA014
Sal_034944	brown4	SA014
Sal_012915	brown4	SA014
Sal_006847	brown4	SA014
Sal_018492	brown4	SA014
Sal_041506	brown4	SA014
Sal_023159	brown4	SA014
Sal_020753	brown4	SA014
Sal_002455	brown4	SA014
Sal_001535	brown4	SA014
Sal_006809	brown4	SA014
Sal_009277	brown4	SA014
Sal_014844	brown4	SA014
Sal_040106	brown4	SA014
Sal_043470	brown4	SA014
Sal_038898	brown4	SA014
Sal_006986	brown4	SA014
Sal_006867	brown4	SA014
Sal_042700	brown4	SA014
Sal_010803	brown4	SA014
Sal_014934	brown4	SA014
Sal_004763	brown4	SA014
Sal_043265	brown4	SA014
Sal_005765	brown4	SA014
Sal_000767	brown4	SA014
Sal_037400	brown4	SA014
Sal_052604	brown4	SA014
Sal_020332	brown4	SA014
Sal_027496	brown4	SA014
Sal_020171	brown4	SA014
Sal_038441	brown4	SA014
Sal_032816	brown4	SA014
Sal_010092	brown4	SA014
Sal_006438	brown4	SA014
Sal_001159	brown4	SA014
Sal_014520	brown4	SA014
Sal_011351	brown4	SA014
Sal_013698	brown4	SA014
Sal_003529	brown4	SA014
Sal_016143	brown4	SA014
Sal_036958	brown4	SA014
Sal_014835	brown4	SA014
Sal_042704	brown4	SA014
Sal_049486	brown4	SA014
Sal_005214	brown4	SA014
Sal_005324	brown4	SA014
Sal_040490	brown4	SA014
Sal_032660	brown4	SA014
Sal_020170	brown4	SA014
Sal_027596	brown4	SA014
Sal_003391	brown4	SA014
Sal_000098	brown4	SA014
Sal_007353	brown4	SA014
Sal_031620	brown4	SA014
Sal_025665	brown4	SA014
Sal_035511	brown4	SA014
Sal_048902	brown4	SA014
Sal_007265	brown4	SA014
Sal_008975	brown4	SA014
Sal_050316	brown4	SA014
Sal_047003	brown4	SA014
Sal_041288	brown4	SA014
Sal_028814	brown4	SA014
Sal_007098	brown4	SA014
Sal_012058	brown4	SA014
Sal_019901	brown4	SA014
Sal_009346	brown4	SA014
Sal_045533	brown4	SA014
Sal_031829	brown4	SA014
Sal_010890	brown4	SA014
Sal_038589	brown4	SA014
Sal_026237	brown4	SA014
Sal_026396	brown4	SA014
Sal_002316	brown4	SA014
Sal_004569	brown4	SA014
Sal_006319	brown4	SA014
Sal_010771	brown4	SA014
Sal_031306	brown4	SA014
Sal_011301	brown4	SA014
Sal_019623	brown4	SA014
Sal_048912	brown4	SA014
Sal_000035	brown4	SA014
Sal_005659	brown4	SA014
Sal_038884	brown4	SA014
Sal_047746	brown4	SA014
Sal_002091	brown4	SA014
Sal_014627	brown4	SA014
Sal_020627	brown4	SA014
Sal_048824	brown4	SA014
Sal_030061	brown4	SA014
Sal_008799	brown4	SA014
Sal_015889	brown4	SA014
Sal_038673	brown4	SA014
Sal_030137	brown4	SA014
Sal_000331	brown4	SA014
Sal_030039	brown4	SA014
Sal_007392	brown4	SA014
Sal_048316	brown4	SA014
Sal_032219	brown4	SA014
Sal_020553	brown4	SA014
Sal_019601	brown4	SA014
Sal_014050	brown4	SA014
Sal_005827	brown4	SA014
Sal_009389	brown4	SA014
Sal_004239	brown4	SA014
Sal_040908	brown4	SA014
Sal_014501	brown4	SA014
Sal_035186	brown4	SA014
Sal_035028	brown4	SA014
Sal_038688	brown4	SA014
Sal_003042	brown4	SA014
Sal_046420	brown4	SA014
Sal_004695	brown4	SA014
Sal_001127	brown4	SA014
Sal_034633	brown4	SA014
Sal_011661	brown4	SA014
Sal_010603	brown4	SA014
Sal_039592	brown4	SA014
Sal_026188	brown4	SA014
Sal_034351	brown4	SA014
Sal_033619	brown4	SA014
Sal_025260	brown4	SA014
Sal_005732	brown4	SA014
Sal_028687	brown4	SA014
Sal_000669	brown4	SA014
Sal_017454	brown4	SA014
Sal_048570	brown4	SA014
Sal_004694	brown4	SA014
Sal_051028	brown4	SA014
Sal_015117	brown4	SA014
Sal_004551	brown4	SA014
Sal_010410	brown4	SA014
Sal_023619	brown4	SA014
Sal_034064	brown4	SA014
Sal_047005	brown4	SA014
Sal_007434	brown4	SA014
Sal_009687	brown4	SA014
Sal_049272	brown4	SA014
Sal_049894	brown4	SA014
Sal_001372	brown4	SA014
Sal_012306	brown4	SA014
Sal_010180	brown4	SA014
Sal_006831	brown4	SA014
Sal_007960	brown4	SA014
Sal_010778	brown4	SA014
Sal_016762	brown4	SA014
Sal_031137	coral	SA028
Sal_027816	coral	SA028
Sal_019171	coral	SA028
Sal_044137	coral	SA028
Sal_001315	coral	SA028
Sal_004369	coral	SA028
Sal_048667	coral	SA028
Sal_001230	coral	SA028
Sal_022634	coral	SA028
Sal_034576	coral	SA028
Sal_036421	coral	SA028
Sal_046768	coral	SA028
Sal_048743	coral	SA028
Sal_038134	coral	SA028
Sal_001867	coral	SA028
Sal_052496	coral	SA028
Sal_021952	coral	SA028
Sal_005529	coral	SA028
Sal_003267	coral	SA028
Sal_007385	coral	SA028
Sal_007722	coral	SA028
Sal_029445	coral	SA028
Sal_006968	coral	SA028
Sal_046564	coral	SA028
Sal_014523	coral	SA028
Sal_001234	coral	SA028
Sal_002346	coral	SA028
Sal_015733	coral	SA028
Sal_000146	coral	SA028
Sal_029749	coral	SA028
Sal_010132	coral	SA028
Sal_017865	coral	SA028
Sal_014471	coral	SA028
Sal_013614	coral	SA028
Sal_019908	coral	SA028
Sal_050198	coral	SA028
Sal_049859	coral	SA028
Sal_027217	coral	SA028
Sal_016641	coral	SA028
Sal_016095	coral	SA028
Sal_014986	coral	SA028
Sal_039948	coral	SA028
Sal_013481	coral	SA028
Sal_013019	coral	SA028
Sal_006944	coral	SA028
Sal_000772	coral	SA028
Sal_027564	coral	SA028
Sal_012067	coral	SA028
Sal_016978	coral	SA028
Sal_035130	coral	SA028
Sal_008902	coral	SA028
Sal_009684	coral	SA028
Sal_009018	coral	SA028
Sal_006967	coral	SA028
Sal_020949	coral	SA028
Sal_006839	coral	SA028
Sal_016927	coral	SA028
Sal_015831	coral2	SA031
Sal_016916	coral2	SA031
Sal_007120	coral2	SA031
Sal_029657	coral2	SA031
Sal_041126	coral2	SA031
Sal_017667	coral2	SA031
Sal_007121	coral2	SA031
Sal_053034	coral2	SA031
Sal_021084	coral2	SA031
Sal_044595	coral2	SA031
Sal_019538	coral2	SA031
Sal_004886	coral2	SA031
Sal_017591	coral2	SA031
Sal_016909	coral2	SA031
Sal_007224	coral2	SA031
Sal_048929	coral2	SA031
Sal_026585	coral2	SA031
Sal_015830	coral2	SA031
Sal_023356	coral2	SA031
Sal_005640	coral2	SA031
Sal_010454	coral2	SA031
Sal_027177	coral2	SA031
Sal_034197	coral2	SA031
Sal_016140	coral2	SA031
Sal_010432	coral2	SA031
Sal_026849	coral2	SA031
Sal_003724	coral2	SA031
Sal_014576	coral2	SA031
Sal_036250	coral2	SA031
Sal_021722	coral2	SA031
Sal_003132	coral2	SA031
Sal_050934	coral2	SA031
Sal_014392	coral2	SA031
Sal_013050	coral2	SA031
Sal_006961	coral2	SA031
Sal_034579	coral2	SA031
Sal_030833	coral2	SA031
Sal_013371	coral2	SA031
Sal_000910	coral2	SA031
Sal_028668	coral2	SA031
Sal_007515	coral2	SA031
Sal_043274	coral2	SA031
Sal_003568	coral2	SA031
Sal_021605	coral2	SA031
Sal_006600	coral2	SA031
Sal_026987	coral2	SA031
Sal_044881	coral2	SA031
Sal_000794	coral2	SA031
Sal_003860	coral2	SA031
Sal_035823	coral2	SA031
Sal_022497	coral2	SA031
Sal_019007	coral2	SA031
Sal_023068	coral2	SA031
Sal_015873	coral2	SA031
Sal_005715	coral2	SA031
Sal_005633	coral2	SA031
Sal_023673	coral2	SA031
Sal_025368	coral2	SA031
Sal_027982	coral2	SA031
Sal_036883	coral2	SA031
Sal_024656	coral2	SA031
Sal_011111	coral2	SA031
Sal_008311	coral2	SA031
Sal_044938	coral2	SA031
Sal_012241	coral2	SA031
Sal_031761	coral2	SA031
Sal_010786	coral2	SA031
Sal_046780	coral2	SA031
Sal_005843	coral2	SA031
Sal_012145	coral2	SA031
Sal_008312	coral2	SA031
Sal_013938	coral2	SA031
Sal_006306	coral2	SA031
Sal_028464	coral2	SA031
Sal_021364	coral2	SA031
Sal_031295	coral2	SA031
Sal_003445	coral2	SA031
Sal_043474	coral2	SA031
Sal_001176	coral2	SA031
Sal_020087	coral2	SA031
Sal_027048	coral2	SA031
Sal_007671	coral2	SA031
Sal_026249	coral2	SA031
Sal_014852	coral2	SA031
Sal_008387	coral2	SA031
Sal_001718	coral2	SA031
Sal_045424	coral2	SA031
Sal_026869	coral2	SA031
Sal_044143	coral2	SA031
Sal_009219	coral2	SA031
Sal_039194	coral2	SA031
Sal_026171	coral2	SA031
Sal_047011	coral2	SA031
Sal_033795	coral2	SA031
Sal_002815	coral2	SA031
Sal_018009	coral2	SA031
Sal_036341	coral2	SA031
Sal_015876	coral2	SA031
Sal_020583	coral2	SA031
Sal_032002	coral2	SA031
Sal_019184	coral2	SA031
Sal_028463	coral2	SA031
Sal_000389	coral2	SA031
Sal_004160	coral2	SA031
Sal_043954	coral2	SA031
Sal_025827	coral2	SA031
Sal_028335	coral2	SA031
Sal_006681	coral2	SA031
Sal_020029	coral2	SA031
Sal_031101	coral2	SA031
Sal_013572	coral2	SA031
Sal_027888	coral2	SA031
Sal_024639	coral2	SA031
Sal_001839	coral2	SA031
Sal_027650	coral2	SA031
Sal_043834	coral2	SA031
Sal_006530	coral2	SA031
Sal_017811	coral2	SA031
Sal_051075	coral2	SA031
Sal_022549	coral2	SA031
Sal_027824	coral2	SA031
Sal_047755	coral3	SA045
Sal_020678	coral3	SA045
Sal_009696	coral3	SA045
Sal_011864	coral3	SA045
Sal_050772	coral3	SA045
Sal_018660	coral3	SA045
Sal_017800	coral3	SA045
Sal_019168	coral3	SA045
Sal_011539	coral3	SA045
Sal_045440	coral3	SA045
Sal_042958	coral3	SA045
Sal_012623	coral3	SA045
Sal_018298	coral3	SA045
Sal_019117	coral3	SA045
Sal_022809	coral3	SA045
Sal_028215	coral3	SA045
Sal_052230	coral3	SA045
Sal_034787	coral3	SA045
Sal_042188	coral3	SA045
Sal_008686	coral3	SA045
Sal_017619	coral3	SA045
Sal_008765	coral3	SA045
Sal_015884	coral3	SA045
Sal_034084	coral3	SA045
Sal_030551	coral3	SA045
Sal_014522	coral3	SA045
Sal_043520	coral3	SA045
Sal_042858	coral3	SA045
Sal_046186	coral3	SA045
Sal_028822	coral3	SA045
Sal_047229	coral3	SA045
Sal_030595	coral3	SA045
Sal_047046	coral3	SA045
Sal_002727	coral3	SA045
Sal_036779	coral3	SA045
Sal_015618	coral3	SA045
Sal_025349	coral3	SA045
Sal_032924	coral3	SA045
Sal_003523	coral3	SA045
Sal_019923	coral3	SA045
Sal_024164	coral3	SA045
Sal_047743	coral3	SA045
Sal_000790	coral3	SA045
Sal_037652	coral3	SA045
Sal_011018	coral3	SA045
Sal_021373	coral3	SA045
Sal_026620	coral3	SA045
Sal_005131	coral3	SA045
Sal_003128	coral3	SA045
Sal_001244	coral3	SA045
Sal_004162	coral3	SA045
Sal_026707	coral3	SA045
Sal_018734	coral3	SA045
Sal_029579	coral3	SA045
Sal_016573	coral3	SA045
Sal_000422	coral3	SA045
Sal_012393	darkgreen	SA008
Sal_048775	darkgreen	SA008
Sal_018713	darkgreen	SA008
Sal_037403	darkgreen	SA008
Sal_037402	darkgreen	SA008
Sal_045794	darkgreen	SA008
Sal_002963	darkgreen	SA008
Sal_019240	darkgreen	SA008
Sal_048432	darkgreen	SA008
Sal_000392	darkgreen	SA008
Sal_037023	darkgreen	SA008
Sal_008544	darkgreen	SA008
Sal_046037	darkgreen	SA008
Sal_048397	darkgreen	SA008
Sal_033787	darkgreen	SA008
Sal_044378	darkgreen	SA008
Sal_014020	darkgreen	SA008
Sal_014729	darkgreen	SA008
Sal_034563	darkgreen	SA008
Sal_022413	darkgreen	SA008
Sal_050749	darkgreen	SA008
Sal_001081	darkgreen	SA008
Sal_011992	darkgreen	SA008
Sal_037486	darkgreen	SA008
Sal_023560	darkgreen	SA008
Sal_049439	darkgreen	SA008
Sal_046565	darkgreen	SA008
Sal_010977	darkgreen	SA008
Sal_035394	darkgreen	SA008
Sal_050476	darkgreen	SA008
Sal_028181	darkgreen	SA008
Sal_052666	darkgreen	SA008
Sal_011373	darkgreen	SA008
Sal_031512	darkgreen	SA008
Sal_004789	darkgreen	SA008
Sal_013170	darkgreen	SA008
Sal_009256	darkgreen	SA008
Sal_004060	darkgreen	SA008
Sal_006345	darkgreen	SA008
Sal_011033	darkgreen	SA008
Sal_000213	darkgreen	SA008
Sal_008350	darkgreen	SA008
Sal_002100	darkgreen	SA008
Sal_018695	darkgreen	SA008
Sal_016511	darkgreen	SA008
Sal_009052	darkgreen	SA008
Sal_035510	darkgreen	SA008
Sal_048344	darkgreen	SA008
Sal_020078	darkgreen	SA008
Sal_043558	darkgreen	SA008
Sal_014077	darkgreen	SA008
Sal_019629	darkgreen	SA008
Sal_052647	darkgreen	SA008
Sal_053528	darkgreen	SA008
Sal_008626	darkgreen	SA008
Sal_001084	darkgreen	SA008
Sal_012686	darkgreen	SA008
Sal_028614	darkgreen	SA008
Sal_035315	darkgreen	SA008
Sal_026285	darkgreen	SA008
Sal_015688	darkgreen	SA008
Sal_017371	darkgreen	SA008
Sal_023749	darkgreen	SA008
Sal_006716	darkgreen	SA008
Sal_052896	darkgreen	SA008
Sal_019220	darkgreen	SA008
Sal_000218	darkgreen	SA008
Sal_047571	darkgreen	SA008
Sal_029536	darkgreen	SA008
Sal_004794	darkgreen	SA008
Sal_027503	darkgreen	SA008
Sal_001862	darkgreen	SA008
Sal_000155	darkgreen	SA008
Sal_028780	darkgreen	SA008
Sal_017175	darkgreen	SA008
Sal_016114	darkgreen	SA008
Sal_003064	darkgreen	SA008
Sal_005369	darkgreen	SA008
Sal_004409	darkgreen	SA008
Sal_040298	darkgreen	SA008
Sal_002769	darkgreen	SA008
Sal_009766	darkgreen	SA008
Sal_047969	darkgreen	SA008
Sal_026873	darkgreen	SA008
Sal_009862	darkgreen	SA008
Sal_017051	darkgreen	SA008
Sal_000806	darkgreen	SA008
Sal_011694	darkgreen	SA008
Sal_052965	darkgreen	SA008
Sal_011713	darkgreen	SA008
Sal_001481	darkgreen	SA008
Sal_020483	darkgreen	SA008
Sal_032292	darkgreen	SA008
Sal_004275	darkgreen	SA008
Sal_002075	darkgreen	SA008
Sal_004105	darkgreen	SA008
Sal_038445	darkgreen	SA008
Sal_001238	darkgreen	SA008
Sal_016947	darkgreen	SA008
Sal_005571	darkgreen	SA008
Sal_006547	darkgreen	SA008
Sal_029738	darkgreen	SA008
Sal_018196	darkgreen	SA008
Sal_011017	darkgreen	SA008
Sal_019547	darkgreen	SA008
Sal_008581	darkgreen	SA008
Sal_013023	darkgreen	SA008
Sal_014521	darkgreen	SA008
Sal_017139	darkgreen	SA008
Sal_048112	darkgreen	SA008
Sal_004482	darkgreen	SA008
Sal_019979	darkgreen	SA008
Sal_021118	darkgreen	SA008
Sal_035512	darkgreen	SA008
Sal_006282	darkgreen	SA008
Sal_053333	darkgreen	SA008
Sal_017347	darkgreen	SA008
Sal_012701	darkgreen	SA008
Sal_046957	darkgreen	SA008
Sal_029209	darkgreen	SA008
Sal_020195	darkgreen	SA008
Sal_018233	darkgreen	SA008
Sal_039778	darkgreen	SA008
Sal_050716	darkgreen	SA008
Sal_032497	darkgreen	SA008
Sal_028268	darkgreen	SA008
Sal_052773	darkgreen	SA008
Sal_003571	darkgreen	SA008
Sal_010909	darkgreen	SA008
Sal_043193	darkgreen	SA008
Sal_025699	darkgreen	SA008
Sal_038219	darkgreen	SA008
Sal_006639	darkgreen	SA008
Sal_014979	darkgreen	SA008
Sal_044969	darkgreen	SA008
Sal_003173	darkgreen	SA008
Sal_011247	darkgreen	SA008
Sal_006210	darkgreen	SA008
Sal_042736	darkgreen	SA008
Sal_021316	darkgreen	SA008
Sal_004861	darkgreen	SA008
Sal_018207	darkgreen	SA008
Sal_011404	darkgreen	SA008
Sal_013078	darkgreen	SA008
Sal_039115	darkgreen	SA008
Sal_009568	darkgreen	SA008
Sal_004962	darkgreen	SA008
Sal_016851	darkgreen	SA008
Sal_031491	darkgreen	SA008
Sal_047291	darkgreen	SA008
Sal_032817	darkgreen	SA008
Sal_003941	darkgreen	SA008
Sal_023801	darkgreen	SA008
Sal_040138	darkgreen	SA008
Sal_003057	darkgreen	SA008
Sal_012617	darkgreen	SA008
Sal_014457	darkgreen	SA008
Sal_021717	darkgreen	SA008
Sal_034731	darkgreen	SA008
Sal_016816	darkgreen	SA008
Sal_041938	darkgreen	SA008
Sal_001085	darkgreen	SA008
Sal_005770	darkgreen	SA008
Sal_029721	darkgreen	SA008
Sal_003350	darkgreen	SA008
Sal_051246	darkgreen	SA008
Sal_052587	darkgreen	SA008
Sal_008390	darkgreen	SA008
Sal_048479	darkgreen	SA008
Sal_048285	darkgreen	SA008
Sal_009304	darkgreen	SA008
Sal_013928	darkgreen	SA008
Sal_019351	darkgreen	SA008
Sal_045180	darkgreen	SA008
Sal_008835	darkgreen	SA008
Sal_023444	darkgreen	SA008
Sal_041584	darkgreen	SA008
Sal_009993	darkgreen	SA008
Sal_036477	darkgreen	SA008
Sal_000108	darkgreen	SA008
Sal_028881	darkgreen	SA008
Sal_053050	darkgreen	SA008
Sal_017050	darkgreen	SA008
Sal_033628	darkgreen	SA008
Sal_024840	darkgreen	SA008
Sal_005178	darkgreen	SA008
Sal_040211	darkgreen	SA008
Sal_042036	darkgreen	SA008
Sal_007894	darkgreen	SA008
Sal_001519	darkgreen	SA008
Sal_015259	darkgreen	SA008
Sal_030303	darkgreen	SA008
Sal_001071	darkgreen	SA008
Sal_008364	darkgreen	SA008
Sal_006457	darkgreen	SA008
Sal_015481	darkgreen	SA008
Sal_017210	darkgreen	SA008
Sal_027072	darkgreen	SA008
Sal_019858	darkgreen	SA008
Sal_012977	darkgreen	SA008
Sal_007747	darkgreen	SA008
Sal_010630	darkgreen	SA008
Sal_023547	darkgreen	SA008
Sal_014961	darkgreen	SA008
Sal_007317	darkgreen	SA008
Sal_049318	darkgreen	SA008
Sal_023306	darkgreen	SA008
Sal_024095	darkgreen	SA008
Sal_006283	darkgreen	SA008
Sal_035030	darkgreen	SA008
Sal_010188	darkgreen	SA008
Sal_009483	darkgreen	SA008
Sal_023694	darkgreen	SA008
Sal_018541	darkgreen	SA008
Sal_006033	darkgreen	SA008
Sal_016093	darkgreen	SA008
Sal_044677	darkgreen	SA008
Sal_017425	darkgreen	SA008
Sal_022663	darkgreen	SA008
Sal_049015	darkgreen	SA008
Sal_028880	darkgreen	SA008
Sal_000496	darkgreen	SA008
Sal_030509	darkgreen	SA008
Sal_008726	darkgreen	SA008
Sal_009861	darkgreen	SA008
Sal_014373	darkgreen	SA008
Sal_002065	darkgreen	SA008
Sal_047785	darkgreen	SA008
Sal_010290	darkgreen	SA008
Sal_025052	darkgreen	SA008
Sal_021932	darkgreen	SA008
Sal_012807	darkgreen	SA008
Sal_000156	darkgreen	SA008
Sal_010337	darkgreen	SA008
Sal_028540	darkgreen	SA008
Sal_012057	darkgreen	SA008
Sal_018780	darkgreen	SA008
Sal_052165	darkgreen	SA008
Sal_013101	darkgreen	SA008
Sal_035141	darkgreen	SA008
Sal_008296	darkgreen	SA008
Sal_052074	darkgreen	SA008
Sal_027879	darkgreen	SA008
Sal_028445	darkgreen	SA008
Sal_036886	darkgreen	SA008
Sal_003546	darkgreen	SA008
Sal_015615	darkgreen	SA008
Sal_000362	darkgreen	SA008
Sal_011740	darkgreen	SA008
Sal_022077	darkgreen	SA008
Sal_003611	darkgreen	SA008
Sal_008582	darkgreen	SA008
Sal_018115	darkgreen	SA008
Sal_051467	darkgreen	SA008
Sal_009186	darkgreen	SA008
Sal_014290	darkgreen	SA008
Sal_012960	darkgreen	SA008
Sal_022446	darkgreen	SA008
Sal_014123	darkgreen	SA008
Sal_002110	darkgreen	SA008
Sal_012526	darkgreen	SA008
Sal_052741	darkgreen	SA008
Sal_018753	darkgreen	SA008
Sal_019370	darkgreen	SA008
Sal_027361	darkgreen	SA008
Sal_007676	darkgreen	SA008
Sal_007745	darkgreen	SA008
Sal_027130	darkgreen	SA008
Sal_006000	darkgreen	SA008
Sal_004441	darkgreen	SA008
Sal_028955	darkgreen	SA008
Sal_005582	darkgreen	SA008
Sal_021689	darkgreen	SA008
Sal_049303	darkgreen	SA008
Sal_023135	darkgreen	SA008
Sal_044264	darkgreen	SA008
Sal_028535	darkgreen	SA008
Sal_050644	darkgreen	SA008
Sal_006317	darkgreen	SA008
Sal_009558	darkgreen	SA008
Sal_044267	darkgreen	SA008
Sal_017600	darkgreen	SA008
Sal_028958	darkgreen	SA008
Sal_005424	darkgreen	SA008
Sal_013735	darkgreen	SA008
Sal_007191	darkgreen	SA008
Sal_010800	darkgreen	SA008
Sal_005009	darkgreen	SA008
Sal_008191	darkgreen	SA008
Sal_017870	darkgreen	SA008
Sal_000011	darkgreen	SA008
Sal_047698	darkgreen	SA008
Sal_004213	darkgreen	SA008
Sal_045878	darkgreen	SA008
Sal_010113	darkgreen	SA008
Sal_048672	darkgreen	SA008
Sal_032778	darkgreen	SA008
Sal_007712	darkgreen	SA008
Sal_003345	darkgreen	SA008
Sal_012941	darkgreen	SA008
Sal_000143	darkgreen	SA008
Sal_015443	darkgreen	SA008
Sal_010080	darkgreen	SA008
Sal_003258	darkgreen	SA008
Sal_010763	darkgreen	SA008
Sal_050256	darkgreen	SA008
Sal_019033	darkgreen	SA008
Sal_022181	darkgreen	SA008
Sal_028071	darkgreen	SA008
Sal_021848	darkgreen	SA008
Sal_008453	darkgreen	SA008
Sal_018198	darkgreen	SA008
Sal_000783	darkgreen	SA008
Sal_048756	darkgreen	SA008
Sal_002336	darkgreen	SA008
Sal_022792	darkgreen	SA008
Sal_052386	darkgreen	SA008
Sal_045444	darkgreen	SA008
Sal_044256	darkgreen	SA008
Sal_004738	darkgreen	SA008
Sal_014676	darkgreen	SA008
Sal_013533	darkgreen	SA008
Sal_009384	darkgreen	SA008
Sal_002280	darkgreen	SA008
Sal_036554	darkgreen	SA008
Sal_006270	darkgreen	SA008
Sal_050372	darkgreen	SA008
Sal_019611	darkgreen	SA008
Sal_003675	darkgreen	SA008
Sal_006065	darkgreen	SA008
Sal_018935	darkgreen	SA008
Sal_017092	darkgreen	SA008
Sal_012450	darkgreen	SA008
Sal_024195	darkgreen	SA008
Sal_016074	darkgreen	SA008
Sal_027735	darkgreen	SA008
Sal_053347	darkgreen	SA008
Sal_038196	darkgreen	SA008
Sal_017798	darkgreen	SA008
Sal_031938	darkgreen	SA008
Sal_007470	darkgreen	SA008
Sal_015045	darkgreen	SA008
Sal_020847	darkgreen	SA008
Sal_015914	darkgreen	SA008
Sal_016579	darkgreen	SA008
Sal_015732	darkgreen	SA008
Sal_003651	darkgreen	SA008
Sal_018972	darkgreen	SA008
Sal_025355	darkgreen	SA008
Sal_007071	darkgreen	SA008
Sal_005250	darkgreen	SA008
Sal_000110	darkgreen	SA008
Sal_009613	darkgreen	SA008
Sal_020580	darkgreen	SA008
Sal_003426	darkgreen	SA008
Sal_003896	darkgreen	SA008
Sal_033832	darkgreen	SA008
Sal_004744	darkgreen	SA008
Sal_019387	darkgreen	SA008
Sal_000360	darkgreen	SA008
Sal_014680	darkgreen	SA008
Sal_016657	darkgreen	SA008
Sal_007192	darkgreen	SA008
Sal_032781	darkgreen	SA008
Sal_017058	darkgreen	SA008
Sal_027078	darkgreen	SA008
Sal_003671	darkgreen	SA008
Sal_014043	darkgreen	SA008
Sal_026511	darkgreen	SA008
Sal_040005	darkgreen	SA008
Sal_013305	darkgreen	SA008
Sal_010990	darkgreen	SA008
Sal_000495	darkgreen	SA008
Sal_009341	darkgreen	SA008
Sal_020550	darkgreen	SA008
Sal_038675	darkgreen	SA008
Sal_051505	darkgreen	SA008
Sal_003338	darkgreen	SA008
Sal_025265	darkgreen	SA008
Sal_010546	darkgreen	SA008
Sal_032569	darkgreen	SA008
Sal_031456	darkgreen	SA008
Sal_047377	darkgreen	SA008
Sal_008169	darkgreen	SA008
Sal_026156	darkgreen	SA008
Sal_014618	darkgreen	SA008
Sal_011387	darkgreen	SA008
Sal_010855	darkgreen	SA008
Sal_035945	darkgreen	SA008
Sal_034681	darkgreen	SA008
Sal_039171	darkgreen	SA008
Sal_045471	darkgreen	SA008
Sal_052385	darkgreen	SA008
Sal_002465	darkgreen	SA008
Sal_000659	darkgreen	SA008
Sal_005345	darkgreen	SA008
Sal_032063	darkgreen	SA008
Sal_020318	darkgreen	SA008
Sal_016602	darkgreen	SA008
Sal_052184	darkgreen	SA008
Sal_011456	darkgreen	SA008
Sal_042440	darkgreen	SA008
Sal_007045	darkgreen	SA008
Sal_016555	darkgreen	SA008
Sal_013238	darkgreen	SA008
Sal_047668	darkgreen	SA008
Sal_015085	darkgreen	SA008
Sal_033565	darkgreen	SA008
Sal_040846	darkgreen	SA008
Sal_032840	darkgreen	SA008
Sal_007365	darkgreen	SA008
Sal_019885	darkgreen	SA008
Sal_051672	darkolivegreen	SA036
Sal_017149	darkolivegreen	SA036
Sal_051236	darkolivegreen	SA036
Sal_048450	darkolivegreen	SA036
Sal_042724	darkolivegreen	SA036
Sal_009641	darkolivegreen	SA036
Sal_020502	darkolivegreen	SA036
Sal_037494	darkolivegreen	SA036
Sal_027950	darkolivegreen	SA036
Sal_029723	darkolivegreen	SA036
Sal_035789	darkolivegreen	SA036
Sal_001163	darkolivegreen	SA036
Sal_038227	darkolivegreen	SA036
Sal_020464	darkolivegreen	SA036
Sal_014776	darkolivegreen	SA036
Sal_031913	darkolivegreen	SA036
Sal_008361	darkolivegreen	SA036
Sal_021421	darkolivegreen	SA036
Sal_000240	darkolivegreen	SA036
Sal_015588	darkolivegreen	SA036
Sal_031250	darkolivegreen	SA036
Sal_030052	darkolivegreen	SA036
Sal_006759	darkolivegreen	SA036
Sal_034015	darkolivegreen	SA036
Sal_034383	darkolivegreen	SA036
Sal_005739	darkolivegreen	SA036
Sal_032804	darkolivegreen	SA036
Sal_051741	darkolivegreen	SA036
Sal_012426	darkolivegreen	SA036
Sal_012298	darkolivegreen	SA036
Sal_016260	darkolivegreen	SA036
Sal_016742	darkolivegreen	SA036
Sal_013195	darkolivegreen	SA036
Sal_008372	darkolivegreen	SA036
Sal_016690	darkolivegreen	SA036
Sal_047181	darkolivegreen	SA036
Sal_007532	darkolivegreen	SA036
Sal_016525	darkolivegreen	SA036
Sal_018518	darkolivegreen	SA036
Sal_052748	darkolivegreen	SA036
Sal_020496	darkolivegreen	SA036
Sal_044978	darkolivegreen	SA036
Sal_010329	darkolivegreen	SA036
Sal_004081	darkolivegreen	SA036
Sal_022448	darkolivegreen	SA036
Sal_018877	darkolivegreen	SA036
Sal_022177	darkolivegreen	SA036
Sal_000079	darkolivegreen	SA036
Sal_006650	darkolivegreen	SA036
Sal_017671	darkolivegreen	SA036
Sal_048334	darkolivegreen	SA036
Sal_006091	darkolivegreen	SA036
Sal_008488	darkolivegreen	SA036
Sal_013236	darkolivegreen	SA036
Sal_006226	darkolivegreen	SA036
Sal_009933	darkolivegreen	SA036
Sal_000279	darkolivegreen	SA036
Sal_029626	darkolivegreen	SA036
Sal_026815	darkolivegreen	SA036
Sal_028504	darkolivegreen	SA036
Sal_029837	darkolivegreen	SA036
Sal_011693	darkolivegreen	SA036
Sal_006627	darkolivegreen	SA036
Sal_020168	darkolivegreen	SA036
Sal_004244	darkolivegreen	SA036
Sal_006161	darkolivegreen	SA036
Sal_005077	darkolivegreen	SA036
Sal_033649	darkolivegreen	SA036
Sal_032567	darkolivegreen	SA036
Sal_019254	darkolivegreen	SA036
Sal_009411	darkolivegreen	SA036
Sal_048908	darkolivegreen	SA036
Sal_022744	darkolivegreen	SA036
Sal_007789	darkolivegreen	SA036
Sal_033228	darkolivegreen	SA036
Sal_012187	darkolivegreen	SA036
Sal_032555	darkolivegreen	SA036
Sal_013886	darkolivegreen	SA036
Sal_002006	darkolivegreen	SA036
Sal_043790	darkolivegreen	SA036
Sal_043805	darkolivegreen	SA036
Sal_006620	darkolivegreen	SA036
Sal_046788	darkolivegreen	SA036
Sal_021939	darkolivegreen	SA036
Sal_009247	darkolivegreen	SA036
Sal_047244	darkolivegreen	SA036
Sal_048307	darkolivegreen	SA036
Sal_005897	darkolivegreen	SA036
Sal_006741	darkolivegreen	SA036
Sal_043575	darkolivegreen	SA036
Sal_011565	darkolivegreen	SA036
Sal_000684	darkolivegreen	SA036
Sal_046613	darkolivegreen	SA036
Sal_046326	darkolivegreen	SA036
Sal_050061	darkolivegreen	SA036
Sal_050062	darkolivegreen	SA036
Sal_020281	darkolivegreen	SA036
Sal_031625	darkolivegreen	SA036
Sal_040812	darkolivegreen	SA036
Sal_032486	darkolivegreen	SA036
Sal_010627	darkolivegreen	SA036
Sal_026358	darkolivegreen	SA036
Sal_015458	darkolivegreen	SA036
Sal_014712	darkolivegreen	SA036
Sal_021704	darkolivegreen	SA036
Sal_050187	darkolivegreen	SA036
Sal_026450	darkolivegreen	SA036
Sal_019470	darkolivegreen	SA036
Sal_008944	darkolivegreen	SA036
Sal_052509	darkolivegreen	SA036
Sal_030338	darkolivegreen	SA036
Sal_017289	darkolivegreen	SA036
Sal_038857	darkolivegreen	SA036
Sal_003013	darkolivegreen	SA036
Sal_017610	darkolivegreen	SA036
Sal_046959	darkolivegreen	SA036
Sal_046761	darkolivegreen	SA036
Sal_031490	darkolivegreen	SA036
Sal_006808	darkolivegreen	SA036
Sal_041349	darkolivegreen	SA036
Sal_008715	darkolivegreen	SA036
Sal_033858	darkolivegreen	SA036
Sal_004267	darkolivegreen	SA036
Sal_014044	darkolivegreen	SA036
Sal_048021	darkolivegreen	SA036
Sal_034092	darkolivegreen	SA036
Sal_004257	darkolivegreen	SA036
Sal_023833	darkolivegreen	SA036
Sal_006215	darkolivegreen	SA036
Sal_014715	darkolivegreen	SA036
Sal_029529	darkolivegreen	SA036
Sal_047910	darkolivegreen	SA036
Sal_022394	darkolivegreen	SA036
Sal_012937	darkolivegreen	SA036
Sal_019365	darkolivegreen	SA036
Sal_043671	darkolivegreen	SA036
Sal_027579	darkolivegreen	SA036
Sal_018966	darkolivegreen	SA036
Sal_035109	darkolivegreen	SA036
Sal_009282	darkolivegreen	SA036
Sal_030366	darkolivegreen	SA036
Sal_045964	darkolivegreen	SA036
Sal_031043	darkolivegreen	SA036
Sal_021691	darkolivegreen	SA036
Sal_018774	darkolivegreen	SA036
Sal_020677	darkolivegreen	SA036
Sal_012060	darkolivegreen	SA036
Sal_035377	darkolivegreen	SA036
Sal_009222	darkolivegreen	SA036
Sal_049319	darkolivegreen	SA036
Sal_000572	darkolivegreen	SA036
Sal_006761	darkolivegreen	SA036
Sal_004808	darkolivegreen	SA036
Sal_029137	darkolivegreen	SA036
Sal_042500	darkolivegreen	SA036
Sal_002179	darkolivegreen	SA036
Sal_015895	darkolivegreen	SA036
Sal_008302	darkolivegreen	SA036
Sal_038561	darkolivegreen	SA036
Sal_013480	darkolivegreen	SA036
Sal_018945	darkolivegreen	SA036
Sal_024199	darkolivegreen	SA036
Sal_036877	darkolivegreen	SA036
Sal_014482	darkolivegreen	SA036
Sal_009897	darkolivegreen	SA036
Sal_010115	darkolivegreen	SA036
Sal_012414	darkolivegreen	SA036
Sal_018579	darkolivegreen	SA036
Sal_004675	darkolivegreen	SA036
Sal_028308	darkolivegreen	SA036
Sal_044725	darkolivegreen	SA036
Sal_017681	darkolivegreen	SA036
Sal_018626	darkolivegreen	SA036
Sal_036884	darkolivegreen	SA036
Sal_026844	darkolivegreen	SA036
Sal_008550	darkolivegreen	SA036
Sal_003443	darkolivegreen	SA036
Sal_007277	darkolivegreen	SA036
Sal_007599	darkolivegreen	SA036
Sal_025047	darkolivegreen	SA036
Sal_001109	darkolivegreen	SA036
Sal_042749	darkolivegreen	SA036
Sal_038139	darkolivegreen	SA036
Sal_020794	darkolivegreen	SA036
Sal_017143	darkolivegreen	SA036
Sal_008502	darkolivegreen	SA036
Sal_021813	darkolivegreen	SA036
Sal_012699	darkolivegreen	SA036
Sal_027893	darkolivegreen	SA036
Sal_013910	darkolivegreen	SA036
Sal_023927	darkolivegreen	SA036
Sal_026108	darkolivegreen	SA036
Sal_050323	darkolivegreen	SA036
Sal_024384	darkolivegreen	SA036
Sal_017403	darkolivegreen	SA036
Sal_030554	darkolivegreen	SA036
Sal_006989	darkolivegreen	SA036
Sal_027118	darkolivegreen	SA036
Sal_024446	darkolivegreen	SA036
Sal_019686	darkolivegreen	SA036
Sal_036876	darkolivegreen	SA036
Sal_012356	darkolivegreen	SA036
Sal_026031	darkolivegreen	SA036
Sal_047016	darkolivegreen	SA036
Sal_025698	darkolivegreen	SA036
Sal_049803	darkolivegreen	SA036
Sal_036520	darkolivegreen	SA036
Sal_002683	darkolivegreen	SA036
Sal_000332	darkolivegreen	SA036
Sal_008423	darkolivegreen	SA036
Sal_009536	darkolivegreen	SA036
Sal_001052	darkolivegreen	SA036
Sal_039242	darkolivegreen	SA036
Sal_020196	darkolivegreen	SA036
Sal_019552	darkolivegreen	SA036
Sal_030737	darkolivegreen	SA036
Sal_051093	darkolivegreen	SA036
Sal_021790	darkolivegreen	SA036
Sal_012669	darkolivegreen	SA036
Sal_024927	darkolivegreen	SA036
Sal_006942	darkolivegreen	SA036
Sal_033461	darkolivegreen	SA036
Sal_015528	darkolivegreen	SA036
Sal_006737	darkolivegreen	SA036
Sal_000042	darkolivegreen	SA036
Sal_023131	darkolivegreen	SA036
Sal_011793	darkolivegreen	SA036
Sal_020582	darkolivegreen	SA036
Sal_047730	darkolivegreen	SA036
Sal_007023	darkolivegreen	SA036
Sal_018376	darkolivegreen	SA036
Sal_008567	darkolivegreen	SA036
Sal_038491	darkolivegreen	SA036
Sal_035529	darkolivegreen	SA036
Sal_003570	darkolivegreen	SA036
Sal_001108	darkolivegreen	SA036
Sal_028817	darkolivegreen	SA036
Sal_014395	darkolivegreen	SA036
Sal_033997	darkolivegreen	SA036
Sal_033052	darkolivegreen	SA036
Sal_050497	darkolivegreen	SA036
Sal_043966	darkolivegreen	SA036
Sal_041061	darkolivegreen	SA036
Sal_040592	darkolivegreen	SA036
Sal_010258	darkolivegreen	SA036
Sal_016473	darkolivegreen	SA036
Sal_031428	darkolivegreen	SA036
Sal_049454	darkolivegreen	SA036
Sal_011165	darkolivegreen	SA036
Sal_018603	darkolivegreen	SA036
Sal_008981	darkolivegreen	SA036
Sal_003676	darkolivegreen	SA036
Sal_017747	darkolivegreen	SA036
Sal_012338	darkolivegreen	SA036
Sal_004069	darkolivegreen	SA036
Sal_019695	darkolivegreen	SA036
Sal_047514	darkolivegreen	SA036
Sal_031857	darkolivegreen	SA036
Sal_048665	darkolivegreen	SA036
Sal_003985	darkolivegreen	SA036
Sal_025046	darkolivegreen	SA036
Sal_019744	darkolivegreen	SA036
Sal_004383	darkolivegreen	SA036
Sal_052283	darkolivegreen	SA036
Sal_003508	darkolivegreen	SA036
Sal_034170	darkolivegreen	SA036
Sal_046524	darkolivegreen	SA036
Sal_005528	darkolivegreen	SA036
Sal_009570	darkolivegreen	SA036
Sal_047848	darkolivegreen	SA036
Sal_026044	darkolivegreen	SA036
Sal_053384	darkolivegreen	SA036
Sal_011389	darkolivegreen	SA036
Sal_006351	darkolivegreen	SA036
Sal_023367	darkolivegreen	SA036
Sal_010649	darkolivegreen	SA036
Sal_034352	darkolivegreen	SA036
Sal_015271	darkolivegreen	SA036
Sal_008776	darkolivegreen	SA036
Sal_031698	darkolivegreen	SA036
Sal_006594	darkolivegreen	SA036
Sal_037268	darkolivegreen	SA036
Sal_005142	darkolivegreen	SA036
Sal_014631	darkolivegreen	SA036
Sal_028291	darkolivegreen	SA036
Sal_001558	darkolivegreen	SA036
Sal_013398	darkolivegreen	SA036
Sal_017722	darkolivegreen	SA036
Sal_002186	darkolivegreen	SA036
Sal_013366	darkolivegreen	SA036
Sal_050728	darkolivegreen	SA036
Sal_026003	darkolivegreen	SA036
Sal_010860	darkolivegreen	SA036
Sal_035856	darkolivegreen	SA036
Sal_005383	darkolivegreen	SA036
Sal_021321	darkolivegreen	SA036
Sal_009690	darkolivegreen	SA036
Sal_048836	darkolivegreen	SA036
Sal_051450	darkolivegreen	SA036
Sal_047004	darkolivegreen	SA036
Sal_009958	darkolivegreen	SA036
Sal_007706	darkolivegreen	SA036
Sal_032372	darkolivegreen	SA036
Sal_050650	darkolivegreen	SA036
Sal_006941	darkolivegreen	SA036
Sal_016342	darkolivegreen	SA036
Sal_016299	darkolivegreen	SA036
Sal_049574	darkolivegreen	SA036
Sal_019070	darkolivegreen	SA036
Sal_020545	darkolivegreen	SA036
Sal_002733	darkolivegreen	SA036
Sal_048506	darkolivegreen	SA036
Sal_029547	darkolivegreen	SA036
Sal_008451	darkolivegreen	SA036
Sal_008435	darkolivegreen	SA036
Sal_012506	darkolivegreen	SA036
Sal_012175	darkolivegreen	SA036
Sal_009787	darkolivegreen	SA036
Sal_007897	darkolivegreen	SA036
Sal_047454	darkolivegreen	SA036
Sal_001377	darkolivegreen	SA036
Sal_014396	darkolivegreen	SA036
Sal_011460	darkolivegreen	SA036
Sal_022070	darkolivegreen	SA036
Sal_003953	darkolivegreen	SA036
Sal_034606	darkolivegreen	SA036
Sal_010026	darkolivegreen	SA036
Sal_045979	darkolivegreen	SA036
Sal_044134	darkolivegreen	SA036
Sal_037250	darkolivegreen	SA036
Sal_009554	darkolivegreen	SA036
Sal_050890	darkolivegreen	SA036
Sal_048943	darkolivegreen	SA036
Sal_011505	darkolivegreen	SA036
Sal_052866	darkolivegreen	SA036
Sal_044123	darkolivegreen	SA036
Sal_010254	darkolivegreen	SA036
Sal_019121	darkolivegreen	SA036
Sal_047458	darkolivegreen	SA036
Sal_028983	darkolivegreen	SA036
Sal_020925	darkolivegreen	SA036
Sal_020308	darkolivegreen	SA036
Sal_020527	darkolivegreen	SA036
Sal_008160	darkolivegreen	SA036
Sal_005824	darkolivegreen	SA036
Sal_047642	darkolivegreen	SA036
Sal_044380	darkolivegreen	SA036
Sal_028556	darkolivegreen	SA036
Sal_002648	darkolivegreen	SA036
Sal_029042	darkolivegreen4	SA053
Sal_015707	darkolivegreen4	SA053
Sal_015760	darkolivegreen4	SA053
Sal_006369	darkolivegreen4	SA053
Sal_046944	darkolivegreen4	SA053
Sal_008283	darkolivegreen4	SA053
Sal_028286	darkolivegreen4	SA053
Sal_035747	darkolivegreen4	SA053
Sal_006424	darkolivegreen4	SA053
Sal_004635	darkolivegreen4	SA053
Sal_033049	darkolivegreen4	SA053
Sal_019271	darkolivegreen4	SA053
Sal_029120	darkolivegreen4	SA053
Sal_043169	darkolivegreen4	SA053
Sal_007453	darkolivegreen4	SA053
Sal_006895	darkolivegreen4	SA053
Sal_019068	darkolivegreen4	SA053
Sal_047217	darkolivegreen4	SA053
Sal_003051	darkolivegreen4	SA053
Sal_017270	darkolivegreen4	SA053
Sal_020934	darkolivegreen4	SA053
Sal_047462	darkolivegreen4	SA053
Sal_041701	darkolivegreen4	SA053
Sal_004919	darkolivegreen4	SA053
Sal_014075	darkolivegreen4	SA053
Sal_024834	darkolivegreen4	SA053
Sal_027918	darkolivegreen4	SA053
Sal_013453	darkolivegreen4	SA053
Sal_018907	darkolivegreen4	SA053
Sal_002405	darkolivegreen4	SA053
Sal_001911	darkolivegreen4	SA053
Sal_005405	darkolivegreen4	SA053
Sal_002365	darkolivegreen4	SA053
Sal_049888	darkolivegreen4	SA053
Sal_011310	darkolivegreen4	SA053
Sal_007415	darkolivegreen4	SA053
Sal_040136	darkolivegreen4	SA053
Sal_047212	darkolivegreen4	SA053
Sal_021461	darkolivegreen4	SA053
Sal_023746	darkolivegreen4	SA053
Sal_048449	darkolivegreen4	SA053
Sal_012207	darkolivegreen4	SA053
Sal_000922	darkolivegreen4	SA053
Sal_018064	darkolivegreen4	SA053
Sal_026771	darkolivegreen4	SA053
Sal_024454	darkolivegreen4	SA053
Sal_034674	darkolivegreen4	SA053
Sal_014989	darkolivegreen4	SA053
Sal_014644	darkolivegreen4	SA053
Sal_002556	darkolivegreen4	SA053
Sal_014990	darkolivegreen4	SA053
Sal_018632	darkolivegreen4	SA053
Sal_013389	darkolivegreen4	SA053
Sal_003130	darkolivegreen4	SA053
Sal_001283	darkolivegreen4	SA053
Sal_009595	darkolivegreen4	SA053
Sal_036281	darkolivegreen4	SA053
Sal_007041	darkolivegreen4	SA053
Sal_003074	darkolivegreen4	SA053
Sal_024624	darkolivegreen4	SA053
Sal_014853	darkolivegreen4	SA053
Sal_017228	darkolivegreen4	SA053
Sal_014382	darkolivegreen4	SA053
Sal_008464	darkolivegreen4	SA053
Sal_043578	darkolivegreen4	SA053
Sal_005980	darkolivegreen4	SA053
Sal_008251	darkolivegreen4	SA053
Sal_009594	darkolivegreen4	SA053
Sal_031863	darkolivegreen4	SA053
Sal_047419	darkolivegreen4	SA053
Sal_006591	darkolivegreen4	SA053
Sal_013056	darkolivegreen4	SA053
Sal_033866	darkolivegreen4	SA053
Sal_008849	darkolivegreen4	SA053
Sal_026760	darkolivegreen4	SA053
Sal_045731	darkolivegreen4	SA053
Sal_032154	darkolivegreen4	SA053
Sal_006272	darkolivegreen4	SA053
Sal_009731	darkolivegreen4	SA053
Sal_004130	darkolivegreen4	SA053
Sal_009090	darkolivegreen4	SA053
Sal_006762	darkolivegreen4	SA053
Sal_011933	darkolivegreen4	SA053
Sal_008936	darkolivegreen4	SA053
Sal_025615	darkolivegreen4	SA053
Sal_007485	darkolivegreen4	SA053
Sal_034807	darkolivegreen4	SA053
Sal_028995	darkolivegreen4	SA053
Sal_031333	darkolivegreen4	SA053
Sal_039826	darkolivegreen4	SA053
Sal_026337	darkolivegreen4	SA053
Sal_042878	darkolivegreen4	SA053
Sal_020774	darkolivegreen4	SA053
Sal_002911	darkolivegreen4	SA053
Sal_018375	darkolivegreen4	SA053
Sal_024424	darkolivegreen4	SA053
Sal_007730	darkolivegreen4	SA053
Sal_019406	darkolivegreen4	SA053
Sal_008447	darkolivegreen4	SA053
Sal_007350	darkviolet	SA033
Sal_010141	darkviolet	SA033
Sal_031762	darkviolet	SA033
Sal_014529	darkviolet	SA033
Sal_014021	darkviolet	SA033
Sal_000154	darkviolet	SA033
Sal_035746	darkviolet	SA033
Sal_001863	darkviolet	SA033
Sal_050774	darkviolet	SA033
Sal_003310	darkviolet	SA033
Sal_017561	darkviolet	SA033
Sal_006643	darkviolet	SA033
Sal_039112	darkviolet	SA033
Sal_020149	darkviolet	SA033
Sal_015042	darkviolet	SA033
Sal_012909	darkviolet	SA033
Sal_030131	darkviolet	SA033
Sal_002202	darkviolet	SA033
Sal_001435	darkviolet	SA033
Sal_024224	darkviolet	SA033
Sal_050851	darkviolet	SA033
Sal_016423	darkviolet	SA033
Sal_021950	darkviolet	SA033
Sal_043254	darkviolet	SA033
Sal_042522	darkviolet	SA033
Sal_002276	darkviolet	SA033
Sal_000904	darkviolet	SA033
Sal_005376	darkviolet	SA033
Sal_051014	darkviolet	SA033
Sal_042965	darkviolet	SA033
Sal_008271	darkviolet	SA033
Sal_005357	darkviolet	SA033
Sal_025231	darkviolet	SA033
Sal_014839	darkviolet	SA033
Sal_002107	darkviolet	SA033
Sal_017141	darkviolet	SA033
Sal_037655	darkviolet	SA033
Sal_028343	darkviolet	SA033
Sal_004658	darkviolet	SA033
Sal_007711	darkviolet	SA033
Sal_002843	darkviolet	SA033
Sal_002930	darkviolet	SA033
Sal_045582	darkviolet	SA033
Sal_042819	darkviolet	SA033
Sal_015735	darkviolet	SA033
Sal_043997	darkviolet	SA033
Sal_029629	darkviolet	SA033
Sal_021948	darkviolet	SA033
Sal_004663	darkviolet	SA033
Sal_030562	darkviolet	SA033
Sal_000903	darkviolet	SA033
Sal_023881	darkviolet	SA033
Sal_016192	darkviolet	SA033
Sal_012347	darkviolet	SA033
Sal_025945	darkviolet	SA033
Sal_052553	darkviolet	SA033
Sal_039407	darkviolet	SA033
Sal_001870	darkviolet	SA033
Sal_013166	darkviolet	SA033
Sal_024451	darkviolet	SA033
Sal_001947	darkviolet	SA033
Sal_050465	darkviolet	SA033
Sal_014793	darkviolet	SA033
Sal_036375	darkviolet	SA033
Sal_014992	darkviolet	SA033
Sal_048934	darkviolet	SA033
Sal_021277	darkviolet	SA033
Sal_042820	darkviolet	SA033
Sal_006721	darkviolet	SA033
Sal_007516	darkviolet	SA033
Sal_050680	darkviolet	SA033
Sal_003808	darkviolet	SA033
Sal_031111	darkviolet	SA033
Sal_000199	darkviolet	SA033
Sal_027696	darkviolet	SA033
Sal_012357	darkviolet	SA033
Sal_005111	darkviolet	SA033
Sal_016089	darkviolet	SA033
Sal_004154	darkviolet	SA033
Sal_004858	darkviolet	SA033
Sal_017303	darkviolet	SA033
Sal_034271	darkviolet	SA033
Sal_031573	darkviolet	SA033
Sal_010676	darkviolet	SA033
Sal_014612	darkviolet	SA033
Sal_008442	darkviolet	SA033
Sal_014575	darkviolet	SA033
Sal_047093	darkviolet	SA033
Sal_049736	darkviolet	SA033
Sal_002931	darkviolet	SA033
Sal_015238	darkviolet	SA033
Sal_048606	darkviolet	SA033
Sal_050937	darkviolet	SA033
Sal_038479	darkviolet	SA033
Sal_016169	darkviolet	SA033
Sal_005399	darkviolet	SA033
Sal_048016	darkviolet	SA033
Sal_019280	darkviolet	SA033
Sal_048568	darkviolet	SA033
Sal_036168	darkviolet	SA033
Sal_050982	darkviolet	SA033
Sal_044822	darkviolet	SA033
Sal_015260	darkviolet	SA033
Sal_047094	darkviolet	SA033
Sal_022034	darkviolet	SA033
Sal_016272	darkviolet	SA033
Sal_010683	darkviolet	SA033
Sal_003813	darkviolet	SA033
Sal_023184	darkviolet	SA033
Sal_012653	darkviolet	SA033
Sal_004999	darkviolet	SA033
Sal_014178	darkviolet	SA033
Sal_005954	darkviolet	SA033
Sal_006982	darkviolet	SA033
Sal_038935	darkviolet	SA033
Sal_001685	darkviolet	SA033
Sal_015286	darkviolet	SA033
Sal_032620	darkviolet	SA033
Sal_007179	darkviolet	SA033
Sal_028914	darkviolet	SA033
Sal_014945	darkviolet	SA033
Sal_038059	darkviolet	SA033
Sal_015738	darkviolet	SA033
Sal_032975	darkviolet	SA033
Sal_003723	darkviolet	SA033
Sal_002277	darkviolet	SA033
Sal_018154	darkviolet	SA033
Sal_051929	darkviolet	SA033
Sal_023807	darkviolet	SA033
Sal_050172	darkviolet	SA033
Sal_036701	darkviolet	SA033
Sal_034637	darkviolet	SA033
Sal_019167	darkviolet	SA033
Sal_025875	darkviolet	SA033
Sal_002864	darkviolet	SA033
Sal_007458	darkviolet	SA033
Sal_030416	darkviolet	SA033
Sal_028455	darkviolet	SA033
Sal_016977	darkviolet	SA033
Sal_043525	darkviolet	SA033
Sal_023781	darkviolet	SA033
Sal_037604	darkviolet	SA033
Sal_022994	darkviolet	SA033
Sal_022810	darkviolet	SA033
Sal_051928	darkviolet	SA033
Sal_029686	darkviolet	SA033
Sal_022966	darkviolet	SA033
Sal_019705	darkviolet	SA033
Sal_007002	darkviolet	SA033
Sal_040717	darkviolet	SA033
Sal_046096	darkviolet	SA033
Sal_005995	darkviolet	SA033
Sal_033099	darkviolet	SA033
Sal_023566	darkviolet	SA033
Sal_000410	darkviolet	SA033
Sal_011660	darkviolet	SA033
Sal_001402	darkviolet	SA033
Sal_021207	darkviolet	SA033
Sal_001959	lightgreen	SA058
Sal_015785	lightgreen	SA058
Sal_024733	lightgreen	SA058
Sal_023649	lightgreen	SA058
Sal_011888	lightgreen	SA058
Sal_023311	lightgreen	SA058
Sal_049640	lightgreen	SA058
Sal_045058	lightgreen	SA058
Sal_003464	lightgreen	SA058
Sal_001056	lightgreen	SA058
Sal_019285	lightgreen	SA058
Sal_033295	lightgreen	SA058
Sal_052328	lightgreen	SA058
Sal_014111	lightgreen	SA058
Sal_006799	lightgreen	SA058
Sal_041209	lightgreen	SA058
Sal_022430	lightgreen	SA058
Sal_025612	lightgreen	SA058
Sal_049321	lightgreen	SA058
Sal_047266	lightgreen	SA058
Sal_000671	lightgreen	SA058
Sal_039811	lightgreen	SA058
Sal_010824	lightgreen	SA058
Sal_014826	lightgreen	SA058
Sal_002634	lightgreen	SA058
Sal_020848	lightgreen	SA058
Sal_008504	lightgreen	SA058
Sal_011506	lightgreen	SA058
Sal_007500	lightgreen	SA058
Sal_002022	lightgreen	SA058
Sal_027017	lightgreen	SA058
Sal_049177	lightgreen	SA058
Sal_034761	lightgreen	SA058
Sal_011920	lightgreen	SA058
Sal_043577	lightgreen	SA058
Sal_019759	lightgreen	SA058
Sal_003381	lightgreen	SA058
Sal_045524	lightgreen	SA058
Sal_005394	lightgreen	SA058
Sal_020279	lightgreen	SA058
Sal_019015	lightgreen	SA058
Sal_035740	lightgreen	SA058
Sal_025283	lightgreen	SA058
Sal_026578	lightgreen	SA058
Sal_034445	lightgreen	SA058
Sal_001961	lightgreen	SA058
Sal_029017	lightgreen	SA058
Sal_009810	lightgreen	SA058
Sal_052040	lightgreen	SA058
Sal_019583	lightgreen	SA058
Sal_011230	lightgreen	SA058
Sal_016271	lightgreen	SA058
Sal_013971	lightgreen	SA058
Sal_011428	lightgreen	SA058
Sal_026948	lightgreen	SA058
Sal_046422	lightgreen	SA058
Sal_043000	lightgreen	SA058
Sal_012422	lightgreen	SA058
Sal_025682	lightgreen	SA058
Sal_016535	lightgreen	SA058
Sal_036320	lightgreen	SA058
Sal_030537	lightgreen	SA058
Sal_032973	lightgreen	SA058
Sal_053390	lightgreen	SA058
Sal_050884	lightgreen	SA058
Sal_009496	lightgreen	SA058
Sal_010841	lightgreen	SA058
Sal_003898	lightgreen	SA058
Sal_037226	lightgreen	SA058
Sal_013412	lightgreen	SA058
Sal_038850	lightgreen	SA058
Sal_008891	lightgreen	SA058
Sal_031281	lightgreen	SA058
Sal_007233	lightgreen	SA058
Sal_021428	lightgreen	SA058
Sal_005048	lightgreen	SA058
Sal_017877	lightgreen	SA058
Sal_022162	lightgreen	SA058
Sal_036655	lightgreen	SA058
Sal_003545	lightgreen	SA058
Sal_016438	lightgreen	SA058
Sal_002971	lightgreen	SA058
Sal_024522	lightgreen	SA058
Sal_017606	lightgreen	SA058
Sal_021917	lightgreen	SA058
Sal_017160	lightgreen	SA058
Sal_035715	lightgreen	SA058
Sal_028150	lightgreen	SA058
Sal_004483	lightgreen	SA058
Sal_046175	lightgreen	SA058
Sal_030278	lightgreen	SA058
Sal_052302	lightgreen	SA058
Sal_037815	lightgreen	SA058
Sal_019658	lightgreen	SA058
Sal_007155	lightgreen	SA058
Sal_028812	lightgreen	SA058
Sal_000624	lightgreen	SA058
Sal_014825	lightgreen	SA058
Sal_023998	lightgreen	SA058
Sal_050171	lightgreen	SA058
Sal_032651	lightgreen	SA058
Sal_023109	lightgreen	SA058
Sal_017714	lightgreen	SA058
Sal_022954	lightgreen	SA058
Sal_037119	lightgreen	SA058
Sal_000759	lightgreen	SA058
Sal_048291	lightgreen	SA058
Sal_006198	lightgreen	SA058
Sal_052994	lightgreen	SA058
Sal_050326	lightgreen	SA058
Sal_004132	lightgreen	SA058
Sal_001149	lightgreen	SA058
Sal_004810	lightgreen	SA058
Sal_034454	lightgreen	SA058
Sal_045560	lightgreen	SA058
Sal_006459	lightgreen	SA058
Sal_009310	lightgreen	SA058
Sal_039436	lightgreen	SA058
Sal_001443	lightgreen	SA058
Sal_014191	lightgreen	SA058
Sal_023376	lightgreen	SA058
Sal_012592	lightgreen	SA058
Sal_024903	lightgreen	SA058
Sal_051186	lightgreen	SA058
Sal_041707	lightgreen	SA058
Sal_047617	lightgreen	SA058
Sal_005057	lightgreen	SA058
Sal_046606	lightgreen	SA058
Sal_008632	lightgreen	SA058
Sal_022845	lightgreen	SA058
Sal_010301	lightgreen	SA058
Sal_048329	lightgreen	SA058
Sal_018911	lightgreen	SA058
Sal_000758	lightgreen	SA058
Sal_047420	lightgreen	SA058
Sal_043978	lightgreen	SA058
Sal_034588	lightgreen	SA058
Sal_038947	lightgreen	SA058
Sal_052985	lightgreen	SA058
Sal_008272	lightgreen	SA058
Sal_016693	lightgreen	SA058
Sal_004665	lightgreen	SA058
Sal_027841	lightgreen	SA058
Sal_012291	lightgreen	SA058
Sal_035548	lightgreen	SA058
Sal_010127	lightgreen	SA058
Sal_008967	lightgreen	SA058
Sal_005003	lightgreen	SA058
Sal_016824	lightgreen	SA058
Sal_024481	lightgreen	SA058
Sal_001430	lightgreen	SA058
Sal_011929	lightgreen	SA058
Sal_002917	lightgreen	SA058
Sal_018855	lightgreen	SA058
Sal_016001	lightgreen	SA058
Sal_046603	lightgreen	SA058
Sal_047281	lightgreen	SA058
Sal_036358	lightgreen	SA058
Sal_026756	lightgreen	SA058
Sal_000376	lightgreen	SA058
Sal_011546	lightgreen	SA058
Sal_027560	lightgreen	SA058
Sal_029475	lightgreen	SA058
Sal_039798	lightgreen	SA058
Sal_027800	lightgreen	SA058
Sal_029490	lightgreen	SA058
Sal_001172	lightgreen	SA058
Sal_038605	lightgreen	SA058
Sal_010308	lightgreen	SA058
Sal_039545	lightgreen	SA058
Sal_013490	lightgreen	SA058
Sal_050210	lightgreen	SA058
Sal_021811	lightgreen	SA058
Sal_016086	lightgreen	SA058
Sal_025141	lightgreen	SA058
Sal_027581	lightgreen	SA058
Sal_042678	lightgreen	SA058
Sal_012242	lightgreen	SA058
Sal_025904	lightgreen	SA058
Sal_052971	lightgreen	SA058
Sal_006648	lightgreen	SA058
Sal_024530	lightgreen	SA058
Sal_002325	lightgreen	SA058
Sal_000692	lightgreen	SA058
Sal_000923	lightgreen	SA058
Sal_050344	lightgreen	SA058
Sal_049332	lightgreen	SA058
Sal_023183	lightgreen	SA058
Sal_040682	lightgreen	SA058
Sal_032167	lightgreen	SA058
Sal_039116	lightgreen	SA058
Sal_044395	lightgreen	SA058
Sal_000294	lightgreen	SA058
Sal_043192	lightgreen	SA058
Sal_041445	lightgreen	SA058
Sal_035693	lightgreen	SA058
Sal_042866	lightgreen	SA058
Sal_010214	lightgreen	SA058
Sal_004031	lightgreen	SA058
Sal_018355	lightgreen	SA058
Sal_038228	lightgreen	SA058
Sal_003104	lightgreen	SA058
Sal_022888	lightgreen	SA058
Sal_029741	lightgreen	SA058
Sal_032560	lightgreen	SA058
Sal_035748	lightgreen	SA058
Sal_011412	lightgreen	SA058
Sal_027336	lightgreen	SA058
Sal_044076	lightgreen	SA058
Sal_032431	lightgreen	SA058
Sal_004612	lightgreen	SA058
Sal_014449	lightgreen	SA058
Sal_006021	lightgreen	SA058
Sal_045968	lightgreen	SA058
Sal_038475	lightgreen	SA058
Sal_018623	lightgreen	SA058
Sal_041090	lightgreen	SA058
Sal_011545	lightgreen	SA058
Sal_040506	lightgreen	SA058
Sal_003241	lightgreen	SA058
Sal_011367	lightgreen	SA058
Sal_010014	lightgreen	SA058
Sal_050297	lightgreen	SA058
Sal_007582	lightgreen	SA058
Sal_028435	lightgreen	SA058
Sal_052685	lightgreen	SA058
Sal_008462	lightgreen	SA058
Sal_050336	lightgreen	SA058
Sal_037199	lightgreen	SA058
Sal_047461	lightgreen	SA058
Sal_009171	lightgreen	SA058
Sal_029869	lightgreen	SA058
Sal_045151	lightgreen	SA058
Sal_026112	lightgreen	SA058
Sal_002856	lightgreen	SA058
Sal_045523	lightgreen	SA058
Sal_050378	lightgreen	SA058
Sal_006798	lightgreen	SA058
Sal_043810	lightgreen	SA058
Sal_022906	lightgreen	SA058
Sal_028050	lightgreen	SA058
Sal_011717	lightgreen	SA058
Sal_037218	lightgreen	SA058
Sal_032262	lightgreen	SA058
Sal_051804	lightgreen	SA058
Sal_018958	lightgreen	SA058
Sal_025487	lightgreen	SA058
Sal_046908	lightgreen	SA058
Sal_053299	lightgreen	SA058
Sal_003127	lightgreen	SA058
Sal_015613	lightgreen	SA058
Sal_043135	lightgreen	SA058
Sal_004531	lightgreen	SA058
Sal_043746	lightgreen	SA058
Sal_004509	lightgreen	SA058
Sal_013810	lightgreen	SA058
Sal_002067	lightgreen	SA058
Sal_010812	lightgreen	SA058
Sal_002884	lightgreen	SA058
Sal_016209	lightgreen	SA058
Sal_039560	lightgreen	SA058
Sal_051262	lightgreen	SA058
Sal_047586	lightgreen	SA058
Sal_015230	lightgreen	SA058
Sal_037917	lightgreen	SA058
Sal_027091	lightgreen	SA058
Sal_041062	lightgreen	SA058
Sal_010897	lightgreen	SA058
Sal_015794	lightgreen	SA058
Sal_028080	lightgreen	SA058
Sal_020619	lightgreen	SA058
Sal_036756	lightgreen	SA058
Sal_032666	lightgreen	SA058
Sal_018557	lightgreen	SA058
Sal_048661	lightgreen	SA058
Sal_050093	lightgreen	SA058
Sal_046384	lightgreen	SA058
Sal_006542	lightgreen	SA058
Sal_004384	lightgreen	SA058
Sal_040610	lightgreen	SA058
Sal_046831	lightgreen	SA058
Sal_010540	lightgreen	SA058
Sal_020606	lightgreen	SA058
Sal_014850	lightgreen	SA058
Sal_035586	lightgreen	SA058
Sal_035756	lightgreen	SA058
Sal_011517	lightgreen	SA058
Sal_039680	lightgreen	SA058
Sal_006520	lightgreen	SA058
Sal_038996	lightgreen	SA058
Sal_003758	lightgreen	SA058
Sal_042460	lightgreen	SA058
Sal_005892	lightgreen	SA058
Sal_022080	lightgreen	SA058
Sal_014728	lightgreen	SA058
Sal_037968	lightgreen	SA058
Sal_020945	lightgreen	SA058
Sal_024392	lightgreen	SA058
Sal_001975	lightgreen	SA058
Sal_008979	lightgreen	SA058
Sal_000385	lightgreen	SA058
Sal_050651	lightgreen	SA058
Sal_047932	lightgreen	SA058
Sal_006778	lightpink3	SA049
Sal_031312	lightpink3	SA049
Sal_039264	lightpink3	SA049
Sal_024129	lightpink3	SA049
Sal_005396	lightpink3	SA049
Sal_028389	lightpink3	SA049
Sal_019808	lightpink3	SA049
Sal_013020	lightpink3	SA049
Sal_012188	lightpink3	SA049
Sal_044858	lightpink3	SA049
Sal_046486	lightpink3	SA049
Sal_019835	lightpink3	SA049
Sal_018246	lightpink3	SA049
Sal_021271	lightpink3	SA049
Sal_026196	lightpink3	SA049
Sal_020254	lightpink3	SA049
Sal_025157	lightpink3	SA049
Sal_015600	lightpink3	SA049
Sal_036686	lightpink3	SA049
Sal_013337	lightpink3	SA049
Sal_000417	lightpink3	SA049
Sal_007583	lightpink3	SA049
Sal_001919	lightpink3	SA049
Sal_018250	lightpink3	SA049
Sal_004438	lightpink3	SA049
Sal_046803	lightpink3	SA049
Sal_009720	lightpink3	SA049
Sal_027425	lightpink3	SA049
Sal_020743	lightpink3	SA049
Sal_031192	lightpink3	SA049
Sal_001869	lightpink3	SA049
Sal_052910	lightpink3	SA049
Sal_045941	lightpink3	SA049
Sal_017618	lightpink3	SA049
Sal_031293	lightpink3	SA049
Sal_031299	lightpink3	SA049
Sal_013987	lightpink3	SA049
Sal_029414	lightpink3	SA049
Sal_020587	lightpink3	SA049
Sal_044334	lightpink3	SA049
Sal_016047	lightpink3	SA049
Sal_003997	lightpink3	SA049
Sal_015706	lightpink3	SA049
Sal_021853	lightpink3	SA049
Sal_042293	lightpink3	SA049
Sal_021787	lightpink3	SA049
Sal_025024	lightpink3	SA049
Sal_007112	lightpink3	SA049
Sal_024996	lightpink3	SA049
Sal_034262	lightpink3	SA049
Sal_002426	lightpink3	SA049
Sal_009486	lightpink3	SA049
Sal_010338	lightpink3	SA049
Sal_035911	lightpink3	SA049
Sal_010306	lightpink3	SA049
Sal_002283	lightpink3	SA049
Sal_016175	lightpink3	SA049
Sal_006329	lightpink3	SA049
Sal_004831	lightpink3	SA049
Sal_009685	lightpink3	SA049
Sal_026232	lightpink3	SA049
Sal_046036	lightpink3	SA049
Sal_011329	lightpink3	SA049
Sal_042240	lightpink3	SA049
Sal_000549	lightpink3	SA049
Sal_015285	lightpink3	SA049
Sal_032485	lightpink3	SA049
Sal_005598	lightpink3	SA049
Sal_011330	lightpink3	SA049
Sal_032021	lightsteelblue	SA012
Sal_012396	lightsteelblue	SA012
Sal_042143	lightsteelblue	SA012
Sal_002063	lightsteelblue	SA012
Sal_007702	lightsteelblue	SA012
Sal_008454	lightsteelblue	SA012
Sal_037819	lightsteelblue	SA012
Sal_028479	lightsteelblue	SA012
Sal_028001	lightsteelblue	SA012
Sal_001015	lightsteelblue	SA012
Sal_044259	lightsteelblue	SA012
Sal_032762	lightsteelblue	SA012
Sal_012726	lightsteelblue	SA012
Sal_015729	lightsteelblue	SA012
Sal_028753	lightsteelblue	SA012
Sal_009481	lightsteelblue	SA012
Sal_014746	lightsteelblue	SA012
Sal_018766	lightsteelblue	SA012
Sal_013652	lightsteelblue	SA012
Sal_005455	lightsteelblue	SA012
Sal_015807	lightsteelblue	SA012
Sal_009231	lightsteelblue	SA012
Sal_022652	lightsteelblue	SA012
Sal_029690	lightsteelblue	SA012
Sal_048747	lightsteelblue	SA012
Sal_006824	lightsteelblue	SA012
Sal_009655	lightsteelblue	SA012
Sal_028140	lightsteelblue	SA012
Sal_020897	lightsteelblue	SA012
Sal_050786	lightsteelblue	SA012
Sal_015499	lightsteelblue	SA012
Sal_011727	lightsteelblue	SA012
Sal_010372	lightsteelblue	SA012
Sal_024847	lightsteelblue	SA012
Sal_017159	lightsteelblue	SA012
Sal_011273	lightsteelblue	SA012
Sal_029122	lightsteelblue	SA012
Sal_035583	lightsteelblue	SA012
Sal_006546	lightsteelblue	SA012
Sal_043886	lightsteelblue	SA012
Sal_027076	lightsteelblue	SA012
Sal_034752	lightsteelblue	SA012
Sal_004293	lightsteelblue	SA012
Sal_005908	lightsteelblue	SA012
Sal_002321	lightsteelblue	SA012
Sal_037529	lightsteelblue	SA012
Sal_025881	lightsteelblue	SA012
Sal_009452	lightsteelblue	SA012
Sal_003112	lightsteelblue	SA012
Sal_012281	lightsteelblue	SA012
Sal_027659	lightsteelblue	SA012
Sal_018202	lightsteelblue	SA012
Sal_004570	lightsteelblue	SA012
Sal_008184	lightsteelblue	SA012
Sal_014280	lightsteelblue	SA012
Sal_003826	lightsteelblue	SA012
Sal_030190	lightsteelblue	SA012
Sal_005514	lightsteelblue	SA012
Sal_050914	lightsteelblue	SA012
Sal_032636	lightsteelblue	SA012
Sal_038086	lightsteelblue	SA012
Sal_037756	lightsteelblue	SA012
Sal_035791	lightsteelblue	SA012
Sal_016194	lightsteelblue	SA012
Sal_030585	lightsteelblue	SA012
Sal_002385	lightsteelblue	SA012
Sal_048343	lightsteelblue	SA012
Sal_016735	lightsteelblue	SA012
Sal_018967	lightsteelblue	SA012
Sal_023115	lightsteelblue	SA012
Sal_025216	lightsteelblue	SA012
Sal_018751	lightsteelblue	SA012
Sal_016087	lightsteelblue	SA012
Sal_022800	lightsteelblue	SA012
Sal_004984	lightsteelblue	SA012
Sal_008881	lightsteelblue	SA012
Sal_000768	lightsteelblue	SA012
Sal_011185	lightsteelblue	SA012
Sal_009162	lightsteelblue	SA012
Sal_027144	lightsteelblue	SA012
Sal_028554	lightsteelblue	SA012
Sal_002098	lightsteelblue	SA012
Sal_025279	lightsteelblue	SA012
Sal_000996	lightsteelblue	SA012
Sal_026115	lightsteelblue	SA012
Sal_005909	lightsteelblue	SA012
Sal_020951	lightsteelblue	SA012
Sal_007381	lightsteelblue	SA012
Sal_050921	lightsteelblue	SA012
Sal_019214	lightsteelblue	SA012
Sal_028095	lightsteelblue	SA012
Sal_008415	lightsteelblue	SA012
Sal_014288	lightsteelblue	SA012
Sal_031217	lightsteelblue	SA012
Sal_027815	lightsteelblue	SA012
Sal_044844	lightsteelblue	SA012
Sal_030508	lightsteelblue	SA012
Sal_017879	lightsteelblue	SA012
Sal_033042	lightsteelblue	SA012
Sal_018715	lightsteelblue	SA012
Sal_020138	lightsteelblue	SA012
Sal_024532	lightsteelblue	SA012
Sal_008245	lightsteelblue	SA012
Sal_038126	lightsteelblue	SA012
Sal_045237	lightsteelblue	SA012
Sal_011427	lightsteelblue	SA012
Sal_026186	lightsteelblue	SA012
Sal_019924	lightsteelblue	SA012
Sal_012411	lightsteelblue	SA012
Sal_025211	lightsteelblue	SA012
Sal_019239	lightsteelblue	SA012
Sal_007268	lightsteelblue	SA012
Sal_007438	lightsteelblue	SA012
Sal_001471	lightsteelblue	SA012
Sal_039154	lightsteelblue	SA012
Sal_000893	lightsteelblue	SA012
Sal_033933	lightsteelblue	SA012
Sal_036185	lightsteelblue	SA012
Sal_042597	lightsteelblue	SA012
Sal_025948	lightsteelblue	SA012
Sal_034711	lightsteelblue	SA012
Sal_047307	lightsteelblue	SA012
Sal_019718	lightsteelblue	SA012
Sal_047384	lightsteelblue	SA012
Sal_018396	lightsteelblue	SA012
Sal_021079	lightsteelblue	SA012
Sal_033041	lightsteelblue	SA012
Sal_003958	lightsteelblue	SA012
Sal_004373	lightsteelblue	SA012
Sal_015863	lightsteelblue	SA012
Sal_051198	lightsteelblue	SA012
Sal_044048	lightsteelblue	SA012
Sal_025135	lightsteelblue	SA012
Sal_007494	lightsteelblue	SA012
Sal_014086	lightsteelblue	SA012
Sal_013494	lightsteelblue	SA012
Sal_051110	lightsteelblue	SA012
Sal_020191	lightsteelblue	SA012
Sal_016719	lightsteelblue	SA012
Sal_027310	lightsteelblue	SA012
Sal_034805	lightsteelblue	SA012
Sal_019618	lightsteelblue	SA012
Sal_009646	lightsteelblue	SA012
Sal_008663	lightsteelblue	SA012
Sal_010004	lightsteelblue	SA012
Sal_011081	lightsteelblue	SA012
Sal_025880	lightsteelblue	SA012
Sal_004934	lightsteelblue	SA012
Sal_013699	lightsteelblue	SA012
Sal_044966	lightsteelblue	SA012
Sal_016937	lightsteelblue	SA012
Sal_030516	lightsteelblue	SA012
Sal_015276	lightsteelblue	SA012
Sal_016748	lightsteelblue	SA012
Sal_053538	lightsteelblue	SA012
Sal_013373	lightsteelblue	SA012
Sal_008842	lightsteelblue	SA012
Sal_003518	lightsteelblue	SA012
Sal_040601	lightsteelblue	SA012
Sal_000485	lightsteelblue	SA012
Sal_002085	lightsteelblue	SA012
Sal_003043	lightsteelblue	SA012
Sal_018758	lightsteelblue	SA012
Sal_006123	lightsteelblue	SA012
Sal_018963	lightsteelblue	SA012
Sal_002496	lightsteelblue	SA012
Sal_040024	lightsteelblue	SA012
Sal_052934	lightsteelblue	SA012
Sal_002929	lightsteelblue	SA012
Sal_042516	lightsteelblue	SA012
Sal_015010	lightsteelblue	SA012
Sal_012690	lightsteelblue	SA012
Sal_043797	lightsteelblue	SA012
Sal_021710	lightsteelblue	SA012
Sal_044699	lightsteelblue	SA012
Sal_042332	lightsteelblue	SA012
Sal_005329	lightsteelblue	SA012
Sal_044324	lightsteelblue	SA012
Sal_023429	lightsteelblue	SA012
Sal_023872	lightsteelblue	SA012
Sal_015993	lightsteelblue	SA012
Sal_048535	lightsteelblue	SA012
Sal_018714	lightsteelblue	SA012
Sal_017101	lightsteelblue	SA012
Sal_023663	lightsteelblue	SA012
Sal_019221	lightsteelblue	SA012
Sal_020133	lightsteelblue	SA012
Sal_021506	lightsteelblue	SA012
Sal_005616	lightsteelblue	SA012
Sal_043234	maroon	SA041
Sal_015812	maroon	SA041
Sal_029506	maroon	SA041
Sal_006236	maroon	SA041
Sal_005683	maroon	SA041
Sal_021921	maroon	SA041
Sal_014262	maroon	SA041
Sal_006462	maroon	SA041
Sal_010637	maroon	SA041
Sal_008931	maroon	SA041
Sal_002835	maroon	SA041
Sal_004848	maroon	SA041
Sal_019636	maroon	SA041
Sal_044029	maroon	SA041
Sal_005239	maroon	SA041
Sal_030141	maroon	SA041
Sal_004729	maroon	SA041
Sal_001693	maroon	SA041
Sal_031062	maroon	SA041
Sal_030496	maroon	SA041
Sal_008443	maroon	SA041
Sal_039552	maroon	SA041
Sal_020751	maroon	SA041
Sal_019584	maroon	SA041
Sal_010648	maroon	SA041
Sal_039490	maroon	SA041
Sal_022030	maroon	SA041
Sal_003376	maroon	SA041
Sal_013581	maroon	SA041
Sal_017151	maroon	SA041
Sal_020827	maroon	SA041
Sal_024251	maroon	SA041
Sal_018909	maroon	SA041
Sal_015141	maroon	SA041
Sal_027073	maroon	SA041
Sal_025178	maroon	SA041
Sal_026338	maroon	SA041
Sal_019761	maroon	SA041
Sal_009936	maroon	SA041
Sal_036248	maroon	SA041
Sal_047816	maroon	SA041
Sal_014349	maroon	SA041
Sal_013196	maroon	SA041
Sal_041472	maroon	SA041
Sal_053127	maroon	SA041
Sal_013575	maroon	SA041
Sal_001316	maroon	SA041
Sal_002400	maroon	SA041
Sal_002627	maroon	SA041
Sal_008566	maroon	SA041
Sal_026635	maroon	SA041
Sal_008357	maroon	SA041
Sal_020920	maroon	SA041
Sal_018469	maroon	SA041
Sal_042385	maroon	SA041
Sal_001579	maroon	SA041
Sal_020953	maroon	SA041
Sal_002250	maroon	SA041
Sal_050409	maroon	SA041
Sal_042918	maroon	SA041
Sal_020459	maroon	SA041
Sal_019047	maroon	SA041
Sal_002631	maroon	SA041
Sal_015140	maroon	SA041
Sal_031313	maroon	SA041
Sal_031489	maroon	SA041
Sal_001637	maroon	SA041
Sal_013169	maroon	SA041
Sal_051422	maroon	SA041
Sal_013519	maroon	SA041
Sal_052331	maroon	SA041
Sal_002241	maroon	SA041
Sal_020906	maroon	SA041
Sal_010184	maroon	SA041
Sal_013016	maroon	SA041
Sal_041614	maroon	SA041
Sal_001518	maroon	SA041
Sal_012240	maroon	SA041
Sal_039331	maroon	SA041
Sal_034200	maroon	SA041
Sal_010518	maroon	SA041
Sal_008472	maroon	SA041
Sal_009913	maroon	SA041
Sal_021285	maroon	SA041
Sal_004736	maroon	SA041
Sal_007312	maroon	SA041
Sal_025490	maroon	SA041
Sal_000460	maroon	SA041
Sal_019904	maroon	SA041
Sal_021894	maroon	SA041
Sal_022233	maroon	SA041
Sal_006853	maroon	SA041
Sal_027886	maroon	SA041
Sal_012237	maroon	SA041
Sal_010879	maroon	SA041
Sal_045112	maroon	SA041
Sal_019633	maroon	SA041
Sal_000685	maroon	SA041
Sal_015240	maroon	SA041
Sal_002133	maroon	SA041
Sal_004620	maroon	SA041
Sal_042961	maroon	SA041
Sal_005085	maroon	SA041
Sal_004899	maroon	SA041
Sal_018445	maroon	SA041
Sal_009854	maroon	SA041
Sal_043726	maroon	SA041
Sal_051739	maroon	SA041
Sal_014932	maroon	SA041
Sal_008445	maroon	SA041
Sal_033698	maroon	SA041
Sal_005475	maroon	SA041
Sal_003086	maroon	SA041
Sal_035587	maroon	SA041
Sal_021086	maroon	SA041
Sal_032044	maroon	SA041
Sal_012445	maroon	SA041
Sal_042856	maroon	SA041
Sal_014024	maroon	SA041
Sal_029759	maroon	SA041
Sal_035306	maroon	SA041
Sal_047386	maroon	SA041
Sal_014538	maroon	SA041
Sal_014958	maroon	SA041
Sal_008652	maroon	SA041
Sal_030459	maroon	SA041
Sal_009697	maroon	SA041
Sal_013492	maroon	SA041
Sal_032155	maroon	SA041
Sal_050941	maroon	SA041
Sal_017884	maroon	SA041
Sal_036370	maroon	SA041
Sal_046322	maroon	SA041
Sal_006850	maroon	SA041
Sal_010758	maroon	SA041
Sal_006158	maroon	SA041
Sal_020357	maroon	SA041
Sal_038607	maroon	SA041
Sal_009213	maroon	SA041
Sal_000149	maroon	SA041
Sal_003696	maroon	SA041
Sal_010016	maroon	SA041
Sal_010701	maroon	SA041
Sal_015907	maroon	SA041
Sal_034745	maroon	SA041
Sal_020609	maroon	SA041
Sal_015135	maroon	SA041
Sal_013841	maroon	SA041
Sal_040829	maroon	SA041
Sal_013517	maroon	SA041
Sal_041457	maroon	SA041
Sal_015917	maroon	SA041
Sal_039396	maroon	SA041
Sal_019504	maroon	SA041
Sal_037933	maroon	SA041
Sal_051386	maroon	SA041
Sal_020319	maroon	SA041
Sal_025275	maroon	SA041
Sal_017813	maroon	SA041
Sal_048860	maroon	SA041
Sal_016568	maroon	SA041
Sal_046568	maroon	SA041
Sal_015237	maroon	SA041
Sal_002876	maroon	SA041
Sal_016572	maroon	SA041
Sal_019354	maroon	SA041
Sal_030133	maroon	SA041
Sal_014003	maroon	SA041
Sal_043232	maroon	SA041
Sal_017983	maroon	SA041
Sal_000555	maroon	SA041
Sal_006146	maroon	SA041
Sal_005541	maroon	SA041
Sal_033623	maroon	SA041
Sal_012035	maroon	SA041
Sal_010756	maroon	SA041
Sal_040479	maroon	SA041
Sal_027058	maroon	SA041
Sal_007809	maroon	SA041
Sal_023720	maroon	SA041
Sal_014656	maroon	SA041
Sal_005821	maroon	SA041
Sal_037854	maroon	SA041
Sal_008802	maroon	SA041
Sal_002397	maroon	SA041
Sal_004792	maroon	SA041
Sal_018323	maroon	SA041
Sal_008964	maroon	SA041
Sal_047322	maroon	SA041
Sal_002846	maroon	SA041
Sal_002770	maroon	SA041
Sal_034765	maroon	SA041
Sal_009562	maroon	SA041
Sal_027086	maroon	SA041
Sal_013255	maroon	SA041
Sal_019609	maroon	SA041
Sal_020172	maroon	SA041
Sal_044771	maroon	SA041
Sal_051778	maroon	SA041
Sal_019890	maroon	SA041
Sal_018283	maroon	SA041
Sal_005860	maroon	SA041
Sal_052081	maroon	SA041
Sal_008841	maroon	SA041
Sal_017170	maroon	SA041
Sal_000593	maroon	SA041
Sal_016569	maroon	SA041
Sal_007145	maroon	SA041
Sal_024640	maroon	SA041
Sal_019180	maroon	SA041
Sal_004720	maroon	SA041
Sal_022293	maroon	SA041
Sal_011627	maroon	SA041
Sal_028799	maroon	SA041
Sal_004892	maroon	SA041
Sal_031617	maroon	SA041
Sal_038262	maroon	SA041
Sal_052467	maroon	SA041
Sal_052955	maroon	SA041
Sal_021050	maroon	SA041
Sal_027059	maroon	SA041
Sal_020912	maroon	SA041
Sal_028818	maroon	SA041
Sal_014023	maroon	SA041
Sal_004299	maroon	SA041
Sal_028644	maroon	SA041
Sal_020385	maroon	SA041
Sal_010599	maroon	SA041
Sal_038635	maroon	SA041
Sal_033960	maroon	SA041
Sal_019579	maroon	SA041
Sal_022434	maroon	SA041
Sal_004251	maroon	SA041
Sal_002967	maroon	SA041
Sal_014878	maroon	SA041
Sal_013721	maroon	SA041
Sal_040756	maroon	SA041
Sal_009688	maroon	SA041
Sal_023628	maroon	SA041
Sal_035930	maroon	SA041
Sal_023629	maroon	SA041
Sal_004090	maroon	SA041
Sal_052724	maroon	SA041
Sal_003427	maroon	SA041
Sal_007577	maroon	SA041
Sal_001561	maroon	SA041
Sal_019521	maroon	SA041
Sal_013049	maroon	SA041
Sal_015017	maroon	SA041
Sal_015591	maroon	SA041
Sal_007875	maroon	SA041
Sal_003682	maroon	SA041
Sal_013889	maroon	SA041
Sal_020793	maroon	SA041
Sal_040617	maroon	SA041
Sal_014240	maroon	SA041
Sal_011626	maroon	SA041
Sal_040915	maroon	SA041
Sal_011489	maroon	SA041
Sal_021363	maroon	SA041
Sal_012177	maroon	SA041
Sal_000505	maroon	SA041
Sal_024782	maroon	SA041
Sal_004187	maroon	SA041
Sal_046759	maroon	SA041
Sal_002002	maroon	SA041
Sal_006927	maroon	SA041
Sal_005818	maroon	SA041
Sal_043714	maroon	SA041
Sal_013231	maroon	SA041
Sal_027412	maroon	SA041
Sal_038646	maroon	SA041
Sal_046764	maroon	SA041
Sal_050008	maroon	SA041
Sal_018456	maroon	SA041
Sal_029463	maroon	SA041
Sal_001210	maroon	SA041
Sal_021085	maroon	SA041
Sal_039723	maroon	SA041
Sal_013048	maroon	SA041
Sal_012460	maroon	SA041
Sal_012868	maroon	SA041
Sal_014755	maroon	SA041
Sal_020710	maroon	SA041
Sal_021937	maroon	SA041
Sal_048639	maroon	SA041
Sal_010870	maroon	SA041
Sal_015442	maroon	SA041
Sal_014963	maroon	SA041
Sal_003800	maroon	SA041
Sal_014248	maroon	SA041
Sal_003164	maroon	SA041
Sal_011965	maroon	SA041
Sal_035601	maroon	SA041
Sal_005804	maroon	SA041
Sal_005019	maroon	SA041
Sal_039619	maroon	SA041
Sal_051479	maroon	SA041
Sal_019447	maroon	SA041
Sal_015663	maroon	SA041
Sal_020448	maroon	SA041
Sal_020214	maroon	SA041
Sal_010232	maroon	SA041
Sal_027820	maroon	SA041
Sal_001647	maroon	SA041
Sal_026362	maroon	SA041
Sal_047445	maroon	SA041
Sal_009716	maroon	SA041
Sal_007053	maroon	SA041
Sal_017527	maroon	SA041
Sal_004124	maroon	SA041
Sal_012632	maroon	SA041
Sal_021658	maroon	SA041
Sal_034059	maroon	SA041
Sal_045998	maroon	SA041
Sal_013868	maroon	SA041
Sal_043932	maroon	SA041
Sal_042148	maroon	SA041
Sal_020928	maroon	SA041
Sal_001439	maroon	SA041
Sal_023699	maroon	SA041
Sal_052909	maroon	SA041
Sal_007180	maroon	SA041
Sal_019889	maroon	SA041
Sal_009497	maroon	SA041
Sal_016918	maroon	SA041
Sal_024127	maroon	SA041
Sal_000781	maroon	SA041
Sal_022548	maroon	SA041
Sal_005017	maroon	SA041
Sal_013358	maroon	SA041
Sal_044689	maroon	SA041
Sal_015370	maroon	SA041
Sal_011032	maroon	SA041
Sal_016311	maroon	SA041
Sal_008358	maroon	SA041
Sal_004516	maroon	SA041
Sal_002738	maroon	SA041
Sal_015478	maroon	SA041
Sal_049748	maroon	SA041
Sal_021791	maroon	SA041
Sal_007086	maroon	SA041
Sal_015251	maroon	SA041
Sal_050199	maroon	SA041
Sal_011860	maroon	SA041
Sal_047801	maroon	SA041
Sal_005950	maroon	SA041
Sal_012768	maroon	SA041
Sal_000100	maroon	SA041
Sal_001087	maroon	SA041
Sal_005904	maroon	SA041
Sal_035294	maroon	SA041
Sal_007961	maroon	SA041
Sal_005638	maroon	SA041
Sal_005567	maroon	SA041
Sal_002523	maroon	SA041
Sal_018258	maroon	SA041
Sal_020312	maroon	SA041
Sal_020995	maroon	SA041
Sal_005447	maroon	SA041
Sal_007379	maroon	SA041
Sal_023627	maroon	SA041
Sal_015956	maroon	SA041
Sal_052101	maroon	SA041
Sal_011429	maroon	SA041
Sal_028867	maroon	SA041
Sal_000185	maroon	SA041
Sal_016112	maroon	SA041
Sal_034089	maroon	SA041
Sal_004508	maroon	SA041
Sal_003156	maroon	SA041
Sal_014116	maroon	SA041
Sal_000682	maroon	SA041
Sal_009518	maroon	SA041
Sal_005344	maroon	SA041
Sal_005408	maroon	SA041
Sal_001111	maroon	SA041
Sal_028863	maroon	SA041
Sal_007358	maroon	SA041
Sal_029974	maroon	SA041
Sal_002180	maroon	SA041
Sal_049263	maroon	SA041
Sal_018437	maroon	SA041
Sal_051003	maroon	SA041
Sal_040530	maroon	SA041
Sal_016082	maroon	SA041
Sal_030869	maroon	SA041
Sal_000459	maroon	SA041
Sal_007681	maroon	SA041
Sal_003395	maroon	SA041
Sal_017744	maroon	SA041
Sal_031324	maroon	SA041
Sal_051062	maroon	SA041
Sal_040098	maroon	SA041
Sal_047104	maroon	SA041
Sal_009408	maroon	SA041
Sal_019141	maroon	SA041
Sal_023939	maroon	SA041
Sal_008580	maroon	SA041
Sal_017726	maroon	SA041
Sal_016766	maroon	SA041
Sal_027469	maroon	SA041
Sal_002471	maroon	SA041
Sal_009967	maroon	SA041
Sal_037208	maroon	SA041
Sal_001765	maroon	SA041
Sal_016021	maroon	SA041
Sal_015228	maroon	SA041
Sal_002374	maroon	SA041
Sal_009192	maroon	SA041
Sal_004339	maroon	SA041
Sal_003974	maroon	SA041
Sal_031818	maroon	SA041
Sal_028975	maroon	SA041
Sal_006802	maroon	SA041
Sal_010138	maroon	SA041
Sal_001976	maroon	SA041
Sal_016630	maroon	SA041
Sal_038870	maroon	SA041
Sal_029519	maroon	SA041
Sal_018348	maroon	SA041
Sal_007550	maroon	SA041
Sal_008612	maroon	SA041
Sal_010233	maroon	SA041
Sal_005949	maroon	SA041
Sal_031008	maroon	SA041
Sal_012485	maroon	SA041
Sal_020377	maroon	SA041
Sal_032043	maroon	SA041
Sal_038718	maroon	SA041
Sal_026236	maroon	SA041
Sal_024178	maroon	SA041
Sal_011606	maroon	SA041
Sal_003247	maroon	SA041
Sal_012131	maroon	SA041
Sal_012509	maroon	SA041
Sal_012713	maroon	SA041
Sal_003709	maroon	SA041
Sal_003890	maroon	SA041
Sal_035718	maroon	SA041
Sal_011511	maroon	SA041
Sal_010513	maroon	SA041
Sal_008059	maroon	SA041
Sal_047010	maroon	SA041
Sal_004867	maroon	SA041
Sal_006241	maroon	SA041
Sal_028960	maroon	SA041
Sal_012043	maroon	SA041
Sal_035593	maroon	SA041
Sal_016917	maroon	SA041
Sal_045398	maroon	SA041
Sal_021352	maroon	SA041
Sal_023351	maroon	SA041
Sal_002676	maroon	SA041
Sal_027685	maroon	SA041
Sal_010093	maroon	SA041
Sal_043052	maroon	SA041
Sal_045598	maroon	SA041
Sal_001042	maroon	SA041
Sal_030609	maroon	SA041
Sal_027180	maroon	SA041
Sal_004547	maroon	SA041
Sal_043827	maroon	SA041
Sal_035199	maroon	SA041
Sal_052477	maroon	SA041
Sal_003693	maroon	SA041
Sal_037676	maroon	SA041
Sal_052975	maroon	SA041
Sal_042457	maroon	SA041
Sal_003606	maroon	SA041
Sal_046028	maroon	SA041
Sal_008777	maroon	SA041
Sal_003772	maroon	SA041
Sal_007938	maroon	SA041
Sal_016229	maroon	SA041
Sal_014938	maroon	SA041
Sal_024884	maroon	SA041
Sal_031693	maroon	SA041
Sal_001899	maroon	SA041
Sal_007768	maroon	SA041
Sal_018112	maroon	SA041
Sal_048311	maroon	SA041
Sal_009195	maroon	SA041
Sal_038195	maroon	SA041
Sal_036211	maroon	SA041
Sal_003999	maroon	SA041
Sal_051454	maroon	SA041
Sal_016139	maroon	SA041
Sal_047588	maroon	SA041
Sal_001832	maroon	SA041
Sal_049670	maroon	SA041
Sal_024197	maroon	SA041
Sal_028449	maroon	SA041
Sal_051083	maroon	SA041
Sal_017651	maroon	SA041
Sal_009339	maroon	SA041
Sal_043054	maroon	SA041
Sal_001788	maroon	SA041
Sal_047134	maroon	SA041
Sal_032994	maroon	SA041
Sal_040593	maroon	SA041
Sal_008380	maroon	SA041
Sal_026781	maroon	SA041
Sal_001881	maroon	SA041
Sal_015123	maroon	SA041
Sal_000709	maroon	SA041
Sal_003871	maroon	SA041
Sal_008240	maroon	SA041
Sal_002788	maroon	SA041
Sal_016597	maroon	SA041
Sal_046092	maroon	SA041
Sal_005398	maroon	SA041
Sal_021936	maroon	SA041
Sal_015264	maroon	SA041
Sal_035594	maroon	SA041
Sal_015338	maroon	SA041
Sal_015565	maroon	SA041
Sal_027455	maroon	SA041
Sal_006891	maroon	SA041
Sal_046386	maroon	SA041
Sal_011077	maroon	SA041
Sal_006566	maroon	SA041
Sal_007003	maroon	SA041
Sal_016172	maroon	SA041
Sal_035012	maroon	SA041
Sal_016769	maroon	SA041
Sal_037012	maroon	SA041
Sal_038150	maroon	SA041
Sal_012317	maroon	SA041
Sal_016041	maroon	SA041
Sal_046557	maroon	SA041
Sal_011078	maroon	SA041
Sal_003291	maroon	SA041
Sal_029856	maroon	SA041
Sal_007369	maroon	SA041
Sal_040611	maroon	SA041
Sal_022120	maroon	SA041
Sal_016483	maroon	SA041
Sal_049891	maroon	SA041
Sal_024191	maroon	SA041
Sal_006953	maroon	SA041
Sal_021667	maroon	SA041
Sal_007854	maroon	SA041
Sal_039693	maroon	SA041
Sal_034467	maroon	SA041
Sal_017216	maroon	SA041
Sal_010670	maroon	SA041
Sal_043751	maroon	SA041
Sal_000842	maroon	SA041
Sal_014459	maroon	SA041
Sal_023756	maroon	SA041
Sal_009487	maroon	SA041
Sal_008772	maroon	SA041
Sal_029356	maroon	SA041
Sal_037110	maroon	SA041
Sal_003147	maroon	SA041
Sal_020004	maroon	SA041
Sal_020470	maroon	SA041
Sal_040233	maroon	SA041
Sal_048964	maroon	SA041
Sal_025197	maroon	SA041
Sal_021398	maroon	SA041
Sal_000418	maroon	SA041
Sal_017596	maroon	SA041
Sal_020635	maroon	SA041
Sal_027962	mediumpurple1	SA009
Sal_006774	mediumpurple1	SA009
Sal_034592	mediumpurple1	SA009
Sal_041490	mediumpurple1	SA009
Sal_007316	mediumpurple1	SA009
Sal_051064	mediumpurple1	SA009
Sal_006425	mediumpurple1	SA009
Sal_022454	mediumpurple1	SA009
Sal_011638	mediumpurple1	SA009
Sal_031370	mediumpurple1	SA009
Sal_051629	mediumpurple1	SA009
Sal_036388	mediumpurple1	SA009
Sal_031924	mediumpurple1	SA009
Sal_010140	mediumpurple1	SA009
Sal_012797	mediumpurple1	SA009
Sal_002175	mediumpurple1	SA009
Sal_013479	mediumpurple1	SA009
Sal_028877	mediumpurple1	SA009
Sal_001465	mediumpurple1	SA009
Sal_010478	mediumpurple1	SA009
Sal_039914	mediumpurple1	SA009
Sal_047492	mediumpurple1	SA009
Sal_045504	mediumpurple1	SA009
Sal_015790	mediumpurple1	SA009
Sal_046755	mediumpurple1	SA009
Sal_000500	mediumpurple1	SA009
Sal_023657	mediumpurple1	SA009
Sal_011985	mediumpurple1	SA009
Sal_034219	mediumpurple1	SA009
Sal_007105	mediumpurple1	SA009
Sal_011701	mediumpurple1	SA009
Sal_013024	mediumpurple1	SA009
Sal_010749	mediumpurple1	SA009
Sal_005628	mediumpurple1	SA009
Sal_033781	mediumpurple1	SA009
Sal_013811	mediumpurple1	SA009
Sal_009943	mediumpurple1	SA009
Sal_023004	navajowhite1	SA015
Sal_016255	navajowhite1	SA015
Sal_041734	navajowhite1	SA015
Sal_001478	navajowhite1	SA015
Sal_038897	navajowhite1	SA015
Sal_018888	navajowhite1	SA015
Sal_043704	navajowhite1	SA015
Sal_052132	navajowhite1	SA015
Sal_042734	navajowhite1	SA015
Sal_015885	navajowhite1	SA015
Sal_047569	navajowhite1	SA015
Sal_005356	navajowhite1	SA015
Sal_002441	navajowhite1	SA015
Sal_009275	navajowhite1	SA015
Sal_047080	navajowhite1	SA015
Sal_005680	navajowhite1	SA015
Sal_013072	navajowhite1	SA015
Sal_020697	navajowhite1	SA015
Sal_010244	navajowhite1	SA015
Sal_016197	navajowhite1	SA015
Sal_007499	navajowhite1	SA015
Sal_015467	navajowhite1	SA015
Sal_019717	navajowhite1	SA015
Sal_021318	navajowhite1	SA015
Sal_008630	navajowhite1	SA015
Sal_009912	navajowhite1	SA015
Sal_029526	navajowhite1	SA015
Sal_004056	navajowhite1	SA015
Sal_025481	navajowhite1	SA015
Sal_027846	navajowhite1	SA015
Sal_002440	navajowhite1	SA015
Sal_031358	navajowhite1	SA015
Sal_004634	navajowhite1	SA015
Sal_017183	navajowhite1	SA015
Sal_010083	navajowhite1	SA015
Sal_009711	navajowhite1	SA015
Sal_011028	navajowhite1	SA015
Sal_009593	navajowhite1	SA015
Sal_027810	navajowhite1	SA015
Sal_025627	navajowhite1	SA015
Sal_021884	navajowhite1	SA015
Sal_045804	navajowhite1	SA015
Sal_001403	navajowhite1	SA015
Sal_042601	navajowhite1	SA015
Sal_025772	navajowhite1	SA015
Sal_050191	navajowhite1	SA015
Sal_001707	navajowhite1	SA015
Sal_016253	navajowhite1	SA015
Sal_001691	navajowhite1	SA015
Sal_016002	navajowhite1	SA015
Sal_025773	navajowhite1	SA015
Sal_018599	navajowhite1	SA015
Sal_003080	navajowhite1	SA015
Sal_026461	navajowhite1	SA015
Sal_034418	navajowhite1	SA015
Sal_015407	navajowhite1	SA015
Sal_016736	navajowhite1	SA015
Sal_034961	navajowhite1	SA015
Sal_009608	navajowhite1	SA015
Sal_015521	navajowhite1	SA015
Sal_029524	navajowhite1	SA015
Sal_040716	navajowhite1	SA015
Sal_005989	navajowhite1	SA015
Sal_004457	navajowhite1	SA015
Sal_028882	navajowhite1	SA015
Sal_012024	navajowhite1	SA015
Sal_035043	navajowhite1	SA015
Sal_006284	navajowhite1	SA015
Sal_048050	navajowhite1	SA015
Sal_005766	navajowhite1	SA015
Sal_004790	navajowhite1	SA015
Sal_050060	navajowhite1	SA015
Sal_028146	navajowhite1	SA015
Sal_006674	navajowhite1	SA015
Sal_008124	navajowhite1	SA015
Sal_019972	navajowhite1	SA015
Sal_022384	navajowhite1	SA015
Sal_016252	navajowhite1	SA015
Sal_000630	navajowhite1	SA015
Sal_045943	navajowhite1	SA015
Sal_029705	navajowhite1	SA015
Sal_003514	navajowhite1	SA015
Sal_043229	navajowhite1	SA015
Sal_004716	navajowhite1	SA015
Sal_001088	navajowhite1	SA015
Sal_004897	navajowhite1	SA015
Sal_029446	navajowhite1	SA015
Sal_048497	navajowhite1	SA015
Sal_032980	navajowhite1	SA015
Sal_010299	navajowhite1	SA015
Sal_029850	navajowhite1	SA015
Sal_002101	navajowhite1	SA015
Sal_007057	navajowhite1	SA015
Sal_027738	navajowhite1	SA015
Sal_012717	navajowhite1	SA015
Sal_013084	navajowhite1	SA015
Sal_032188	navajowhite1	SA015
Sal_002320	navajowhite1	SA015
Sal_010099	navajowhite1	SA015
Sal_015657	navajowhite1	SA015
Sal_005347	navajowhite1	SA015
Sal_052220	navajowhite1	SA015
Sal_004657	navajowhite1	SA015
Sal_037133	navajowhite1	SA015
Sal_008127	navajowhite1	SA015
Sal_020131	navajowhite1	SA015
Sal_000250	navajowhite1	SA015
Sal_038221	navajowhite1	SA015
Sal_033724	navajowhite1	SA015
Sal_032808	navajowhite1	SA015
Sal_011121	navajowhite1	SA015
Sal_045069	navajowhite1	SA015
Sal_029301	navajowhite1	SA015
Sal_003455	navajowhite1	SA015
Sal_020141	navajowhite1	SA015
Sal_045604	navajowhite1	SA015
Sal_033126	navajowhite1	SA015
Sal_011916	navajowhite1	SA015
Sal_040100	navajowhite1	SA015
Sal_011122	navajowhite1	SA015
Sal_041633	navajowhite1	SA015
Sal_007623	navajowhite1	SA015
Sal_017126	navajowhite1	SA015
Sal_002617	navajowhite1	SA015
Sal_024598	navajowhite1	SA015
Sal_032656	navajowhite1	SA015
Sal_017560	navajowhite1	SA015
Sal_001083	navajowhite1	SA015
Sal_002656	navajowhite1	SA015
Sal_053199	navajowhite1	SA015
Sal_013794	navajowhite1	SA015
Sal_034867	navajowhite1	SA015
Sal_001554	navajowhite1	SA015
Sal_050817	navajowhite1	SA015
Sal_033706	navajowhite1	SA015
Sal_020854	navajowhite1	SA015
Sal_020669	navajowhite1	SA015
Sal_010316	navajowhite1	SA015
Sal_034741	navajowhite1	SA015
Sal_015059	navajowhite1	SA015
Sal_025272	navajowhite1	SA015
Sal_003495	navajowhite1	SA015
Sal_033857	navajowhite1	SA015
Sal_018805	navajowhite1	SA015
Sal_017100	navajowhite1	SA015
Sal_013844	navajowhite1	SA015
Sal_021317	navajowhite1	SA015
Sal_020088	navajowhite1	SA015
Sal_025281	navajowhite1	SA015
Sal_002673	navajowhite1	SA015
Sal_027567	navajowhite1	SA015
Sal_032172	navajowhite1	SA015
Sal_002680	navajowhite1	SA015
Sal_035946	navajowhite1	SA015
Sal_037834	navajowhite1	SA015
Sal_032627	navajowhite1	SA015
Sal_008906	navajowhite1	SA015
Sal_018324	navajowhite1	SA015
Sal_032096	navajowhite1	SA015
Sal_020486	navajowhite1	SA015
Sal_005911	navajowhite1	SA015
Sal_023246	navajowhite1	SA015
Sal_037362	navajowhite1	SA015
Sal_018088	navajowhite1	SA015
Sal_024778	navajowhite1	SA015
Sal_049151	navajowhite1	SA015
Sal_000099	navajowhite1	SA015
Sal_003612	navajowhite1	SA015
Sal_044644	navajowhite1	SA015
Sal_023706	navajowhite1	SA015
Sal_011397	navajowhite1	SA015
Sal_019961	navajowhite1	SA015
Sal_025215	navajowhite1	SA015
Sal_005693	navajowhite1	SA015
Sal_012995	navajowhite1	SA015
Sal_002909	navajowhite1	SA015
Sal_002910	navajowhite1	SA015
Sal_020407	navajowhite1	SA015
Sal_023420	navajowhite1	SA015
Sal_007182	navajowhite1	SA015
Sal_003493	navajowhite1	SA015
Sal_014904	navajowhite1	SA015
Sal_006656	navajowhite1	SA015
Sal_004770	navajowhite1	SA015
Sal_007181	navajowhite1	SA015
Sal_015854	navajowhite1	SA015
Sal_032611	navajowhite1	SA015
Sal_000518	navajowhite1	SA015
Sal_015704	navajowhite1	SA015
Sal_046899	navajowhite1	SA015
Sal_003912	navajowhite1	SA015
Sal_032814	navajowhite1	SA015
Sal_028461	navajowhite1	SA015
Sal_012905	navajowhite1	SA015
Sal_052723	navajowhite1	SA015
Sal_052935	navajowhite1	SA015
Sal_003770	navajowhite1	SA015
Sal_040408	navajowhite1	SA015
Sal_003145	navajowhite1	SA015
Sal_039217	navajowhite1	SA015
Sal_014177	navajowhite1	SA015
Sal_021576	navajowhite1	SA015
Sal_018247	navajowhite1	SA015
Sal_005559	navajowhite1	SA015
Sal_016674	navajowhite1	SA015
Sal_020675	navajowhite1	SA015
Sal_027661	navajowhite1	SA015
Sal_004517	navajowhite1	SA015
Sal_003420	navajowhite1	SA015
Sal_005534	navajowhite1	SA015
Sal_025350	navajowhite1	SA015
Sal_003341	navajowhite1	SA015
Sal_010677	navajowhite1	SA015
Sal_003936	navajowhite1	SA015
Sal_031194	navajowhite1	SA015
Sal_016835	navajowhite1	SA015
Sal_017597	navajowhite1	SA015
Sal_050441	navajowhite1	SA015
Sal_051769	navajowhite1	SA015
Sal_051210	navajowhite1	SA015
Sal_006468	navajowhite1	SA015
Sal_021639	navajowhite1	SA015
Sal_005844	navajowhite1	SA015
Sal_043734	navajowhite1	SA015
Sal_034852	navajowhite1	SA015
Sal_015214	navajowhite1	SA015
Sal_027465	navajowhite1	SA015
Sal_008386	navajowhite1	SA015
Sal_019035	navajowhite1	SA015
Sal_005133	navajowhite1	SA015
Sal_027309	navajowhite1	SA015
Sal_019829	navajowhite1	SA015
Sal_049372	navajowhite1	SA015
Sal_030888	navajowhite1	SA015
Sal_025768	navajowhite1	SA015
Sal_019964	navajowhite1	SA015
Sal_007127	navajowhite1	SA015
Sal_020707	navajowhite1	SA015
Sal_050222	navajowhite1	SA015
Sal_003189	navajowhite1	SA015
Sal_011059	navajowhite1	SA015
Sal_049654	navajowhite1	SA015
Sal_038505	navajowhite1	SA015
Sal_010415	navajowhite1	SA015
Sal_002850	navajowhite1	SA015
Sal_022748	navajowhite1	SA015
Sal_002544	navajowhite1	SA015
Sal_047370	navajowhite1	SA015
Sal_030101	navajowhite1	SA015
Sal_034350	navajowhite1	SA015
Sal_003192	navajowhite1	SA015
Sal_037437	navajowhite1	SA015
Sal_038024	navajowhite1	SA015
Sal_004214	navajowhite1	SA015
Sal_021774	navajowhite1	SA015
Sal_018110	navajowhite1	SA015
Sal_028824	navajowhite1	SA015
Sal_002464	navajowhite1	SA015
Sal_000540	navajowhite1	SA015
Sal_027164	navajowhite1	SA015
Sal_003892	navajowhite1	SA015
Sal_020431	navajowhite1	SA015
Sal_036878	navajowhite1	SA015
Sal_015162	navajowhite1	SA015
Sal_029687	navajowhite1	SA015
Sal_051907	navajowhite1	SA015
Sal_013979	orangered1	SA054
Sal_046256	orangered1	SA054
Sal_006769	orangered1	SA054
Sal_047352	orangered1	SA054
Sal_001182	orangered1	SA054
Sal_048051	orangered1	SA054
Sal_009037	orangered1	SA054
Sal_042598	orangered1	SA054
Sal_032768	orangered1	SA054
Sal_017849	orangered1	SA054
Sal_023303	orangered1	SA054
Sal_031965	orangered1	SA054
Sal_003407	orangered1	SA054
Sal_016520	orangered1	SA054
Sal_008528	orangered1	SA054
Sal_011695	orangered1	SA054
Sal_015635	orangered1	SA054
Sal_014740	orangered1	SA054
Sal_016695	orangered1	SA054
Sal_000730	orangered1	SA054
Sal_002267	orangered1	SA054
Sal_031998	orangered1	SA054
Sal_045391	orangered1	SA054
Sal_025371	orangered1	SA054
Sal_014881	orangered1	SA054
Sal_014741	orangered1	SA054
Sal_052261	orangered1	SA054
Sal_033439	orangered1	SA054
Sal_017571	orangered1	SA054
Sal_047292	orangered1	SA054
Sal_015677	orangered1	SA054
Sal_026197	orangered1	SA054
Sal_010830	orangered1	SA054
Sal_015403	orangered1	SA054
Sal_016488	orangered1	SA054
Sal_038005	orangered1	SA054
Sal_034735	orangered1	SA054
Sal_016268	orangered1	SA054
Sal_024501	orangered1	SA054
Sal_049970	orangered1	SA054
Sal_000736	orangered1	SA054
Sal_052242	orangered1	SA054
Sal_039081	orangered1	SA054
Sal_001080	orangered1	SA054
Sal_020624	orangered1	SA054
Sal_025626	pink4	SA029
Sal_047518	pink4	SA029
Sal_003001	pink4	SA029
Sal_010891	pink4	SA029
Sal_051798	pink4	SA029
Sal_038004	pink4	SA029
Sal_020886	pink4	SA029
Sal_016231	pink4	SA029
Sal_044695	pink4	SA029
Sal_008669	pink4	SA029
Sal_001509	pink4	SA029
Sal_020950	pink4	SA029
Sal_035093	pink4	SA029
Sal_029411	pink4	SA029
Sal_036782	pink4	SA029
Sal_003055	pink4	SA029
Sal_001701	pink4	SA029
Sal_018086	pink4	SA029
Sal_002840	pink4	SA029
Sal_000642	pink4	SA029
Sal_013482	pink4	SA029
Sal_006997	pink4	SA029
Sal_008042	pink4	SA029
Sal_008038	pink4	SA029
Sal_043233	pink4	SA029
Sal_012063	pink4	SA029
Sal_014524	pink4	SA029
Sal_003572	pink4	SA029
Sal_013893	pink4	SA029
Sal_005934	pink4	SA029
Sal_022081	pink4	SA029
Sal_001690	pink4	SA029
Sal_009710	pink4	SA029
Sal_017955	pink4	SA029
Sal_016046	pink4	SA029
Sal_047140	pink4	SA029
Sal_021155	pink4	SA029
Sal_014317	pink4	SA029
Sal_017181	pink4	SA029
Sal_026006	pink4	SA029
Sal_008320	pink4	SA029
Sal_010653	pink4	SA029
Sal_026989	pink4	SA029
Sal_030066	pink4	SA029
Sal_002839	pink4	SA029
Sal_006252	pink4	SA029
Sal_018424	pink4	SA029
Sal_001700	pink4	SA029
Sal_021875	pink4	SA029
Sal_008491	pink4	SA029
Sal_018187	pink4	SA029
Sal_000086	pink4	SA029
Sal_030153	pink4	SA029
Sal_004002	pink4	SA029
Sal_003573	pink4	SA029
Sal_000439	pink4	SA029
Sal_022654	pink4	SA029
Sal_040954	pink4	SA029
Sal_026065	pink4	SA029
Sal_000994	pink4	SA029
Sal_012928	pink4	SA029
Sal_013522	pink4	SA029
Sal_009349	pink4	SA029
Sal_017538	pink4	SA029
Sal_012932	pink4	SA029
Sal_000263	pink4	SA029
Sal_024462	pink4	SA029
Sal_003648	pink4	SA029
Sal_013025	pink4	SA029
Sal_001584	pink4	SA029
Sal_018617	pink4	SA029
Sal_011236	pink4	SA029
Sal_032187	pink4	SA029
Sal_043721	pink4	SA029
Sal_003842	pink4	SA029
Sal_046779	pink4	SA029
Sal_011714	pink4	SA029
Sal_008370	pink4	SA029
Sal_015376	pink4	SA029
Sal_017694	pink4	SA029
Sal_014065	pink4	SA029
Sal_038444	pink4	SA029
Sal_009592	pink4	SA029
Sal_007674	pink4	SA029
Sal_025889	pink4	SA029
Sal_016767	pink4	SA029
Sal_021239	pink4	SA029
Sal_011012	pink4	SA029
Sal_025339	pink4	SA029
Sal_023764	pink4	SA029
Sal_014390	pink4	SA029
Sal_008609	pink4	SA029
Sal_053089	pink4	SA029
Sal_010497	pink4	SA029
Sal_034815	pink4	SA029
Sal_032181	pink4	SA029
Sal_002878	pink4	SA029
Sal_001603	pink4	SA029
Sal_020923	pink4	SA029
Sal_015858	pink4	SA029
Sal_012283	pink4	SA029
Sal_012520	pink4	SA029
Sal_022580	pink4	SA029
Sal_005005	pink4	SA029
Sal_031945	pink4	SA029
Sal_024920	pink4	SA029
Sal_011281	pink4	SA029
Sal_020727	pink4	SA029
Sal_025619	pink4	SA029
Sal_039314	pink4	SA029
Sal_021674	pink4	SA029
Sal_025868	pink4	SA029
Sal_009895	pink4	SA029
Sal_016763	pink4	SA029
Sal_027468	pink4	SA029
Sal_004822	pink4	SA029
Sal_002145	pink4	SA029
Sal_035545	pink4	SA029
Sal_003687	pink4	SA029
Sal_049155	pink4	SA029
Sal_016818	pink4	SA029
Sal_006713	pink4	SA029
Sal_007177	pink4	SA029
Sal_024128	pink4	SA029
Sal_003346	pink4	SA029
Sal_000116	pink4	SA029
Sal_005049	pink4	SA029
Sal_005717	pink4	SA029
Sal_020243	pink4	SA029
Sal_014682	pink4	SA029
Sal_049484	pink4	SA029
Sal_036458	pink4	SA029
Sal_022804	pink4	SA029
Sal_010039	pink4	SA029
Sal_041515	pink4	SA029
Sal_018663	pink4	SA029
Sal_038854	pink4	SA029
Sal_044149	pink4	SA029
Sal_003845	pink4	SA029
Sal_020931	pink4	SA029
Sal_019599	pink4	SA029
Sal_038890	pink4	SA029
Sal_036111	pink4	SA029
Sal_028736	pink4	SA029
Sal_025079	pink4	SA029
Sal_013096	pink4	SA029
Sal_006046	pink4	SA029
Sal_029200	pink4	SA029
Sal_024690	pink4	SA029
Sal_031811	pink4	SA029
Sal_005823	pink4	SA029
Sal_049296	pink4	SA029
Sal_012062	pink4	SA029
Sal_041489	pink4	SA029
Sal_047542	pink4	SA029
Sal_024116	pink4	SA029
Sal_000293	pink4	SA029
Sal_014594	pink4	SA029
Sal_017095	pink4	SA029
Sal_004713	thistle	SA022
Sal_043197	thistle	SA022
Sal_030446	thistle	SA022
Sal_018107	thistle	SA022
Sal_026872	thistle	SA022
Sal_046144	thistle	SA022
Sal_007976	thistle	SA022
Sal_004656	thistle	SA022
Sal_035686	thistle	SA022
Sal_022031	thistle	SA022
Sal_034842	thistle	SA022
Sal_004082	thistle	SA022
Sal_037583	thistle	SA022
Sal_010729	thistle	SA022
Sal_004721	thistle	SA022
Sal_015152	thistle	SA022
Sal_043890	thistle	SA022
Sal_001040	thistle	SA022
Sal_014337	thistle	SA022
Sal_044436	thistle	SA022
Sal_009208	thistle	SA022
Sal_005126	thistle	SA022
Sal_019937	thistle	SA022
Sal_030861	thistle	SA022
Sal_046241	thistle	SA022
Sal_018863	thistle	SA022
Sal_024222	thistle	SA022
Sal_009702	thistle	SA022
Sal_024117	thistle	SA022
Sal_026251	thistle	SA022
Sal_014336	thistle	SA022
Sal_033186	thistle	SA022
Sal_029274	thistle	SA022
Sal_053063	thistle	SA022
Sal_049972	thistle	SA022
Sal_001472	thistle	SA022
Sal_004853	thistle	SA022
Sal_011119	thistle	SA022
Sal_000749	thistle	SA022
Sal_020027	thistle	SA022
Sal_008143	thistle	SA022
Sal_034408	thistle	SA022
Sal_015749	thistle	SA022
Sal_012871	thistle	SA022
Sal_024309	thistle	SA022
Sal_020265	thistle	SA022
Sal_013816	thistle	SA022
Sal_029289	thistle	SA022
Sal_024064	thistle	SA022
Sal_004670	thistle	SA022
Sal_012851	thistle	SA022
Sal_011221	thistle	SA022
Sal_009701	thistle	SA022
Sal_016389	thistle	SA022
Sal_038011	thistle	SA022
Sal_048813	thistle	SA022
Sal_027075	thistle	SA022
Sal_022412	thistle	SA022
Sal_016111	thistle	SA022
Sal_005273	thistle	SA022
Sal_013391	thistle	SA022
Sal_025258	thistle	SA022
Sal_045933	thistle	SA022
Sal_035173	thistle	SA022
Sal_046472	thistle	SA022
Sal_007014	thistle	SA022
Sal_000381	thistle	SA022
Sal_019042	thistle	SA022
Sal_023554	thistle	SA022
Sal_021280	thistle	SA022
Sal_042906	thistle	SA022
Sal_037198	thistle	SA022
Sal_046147	thistle	SA022
Sal_008347	thistle	SA022
Sal_028025	thistle	SA022
Sal_022411	thistle	SA022
Sal_009374	thistle	SA022
Sal_034813	thistle	SA022
Sal_004247	thistle	SA022
Sal_045258	thistle	SA022
Sal_013388	thistle1	SA002
Sal_009626	thistle1	SA002
Sal_037913	thistle1	SA002
Sal_029650	thistle1	SA002
Sal_004710	thistle1	SA002
Sal_038370	thistle1	SA002
Sal_008112	thistle1	SA002
Sal_036955	thistle1	SA002
Sal_013515	thistle1	SA002
Sal_043213	thistle1	SA002
Sal_000395	thistle1	SA002
Sal_026394	thistle1	SA002
Sal_016124	thistle1	SA002
Sal_002919	thistle1	SA002
Sal_015971	thistle1	SA002
Sal_015324	thistle1	SA002
Sal_022734	thistle1	SA002
Sal_001311	thistle1	SA002
Sal_023908	thistle1	SA002
Sal_018461	thistle1	SA002
Sal_014527	thistle1	SA002
Sal_002686	thistle1	SA002
Sal_024699	thistle1	SA002
Sal_009746	thistle1	SA002
Sal_014052	thistle1	SA002
Sal_005855	thistle1	SA002
Sal_000486	thistle1	SA002
Sal_051264	thistle1	SA002
Sal_038906	thistle1	SA002
Sal_018228	thistle1	SA002
Sal_030582	thistle1	SA002
Sal_053036	thistle1	SA002
Sal_010565	thistle1	SA002
Sal_011311	thistle1	SA002
Sal_010076	thistle1	SA002
Sal_007697	thistle1	SA002
Sal_012444	thistle1	SA002
Sal_001252	thistle1	SA002
Sal_015689	thistle1	SA002
Sal_020031	thistle1	SA002
Sal_045266	thistle1	SA002
Sal_053117	thistle1	SA002
Sal_036194	thistle1	SA002
Sal_051738	thistle1	SA002
Sal_030706	thistle1	SA002
Sal_040881	thistle1	SA002
Sal_011974	thistle1	SA002
Sal_017140	thistle1	SA002
Sal_036942	thistle1	SA002
Sal_035640	thistle1	SA002
Sal_041089	thistle1	SA002
Sal_023686	thistle1	SA002
Sal_034763	thistle1	SA002
Sal_010040	thistle1	SA002
Sal_027034	thistle1	SA002
Sal_002921	thistle1	SA002
Sal_010380	thistle1	SA002
Sal_022664	thistle1	SA002
Sal_002053	thistle1	SA002
Sal_030790	thistle1	SA002
Sal_043391	thistle1	SA002
Sal_023209	thistle1	SA002
Sal_006285	thistle1	SA002
Sal_040146	thistle1	SA002
Sal_007349	thistle1	SA002
Sal_049889	thistle1	SA002
Sal_015216	thistle1	SA002
Sal_003485	thistle1	SA002
Sal_025968	thistle1	SA002
Sal_018756	thistle1	SA002
Sal_019249	thistle1	SA002
Sal_007426	thistle1	SA002
Sal_051036	thistle1	SA002
Sal_016686	thistle1	SA002
Sal_047553	thistle1	SA002
Sal_002895	thistle1	SA002
Sal_011787	thistle1	SA002
Sal_012300	thistle1	SA002
Sal_051968	thistle1	SA002
Sal_017290	thistle1	SA002
Sal_004010	thistle1	SA002
Sal_014051	thistle1	SA002
Sal_025409	thistle1	SA002
Sal_018930	thistle1	SA002
Sal_010566	thistle1	SA002
Sal_008921	thistle1	SA002
Sal_033366	thistle1	SA002
Sal_008408	thistle1	SA002
Sal_016250	thistle1	SA002
Sal_038684	thistle1	SA002
Sal_049390	thistle1	SA002
Sal_033044	thistle1	SA002
Sal_010131	thistle1	SA002
Sal_003683	thistle1	SA002
Sal_028318	thistle1	SA002
Sal_033604	thistle1	SA002
Sal_042365	thistle1	SA002
Sal_035639	thistle1	SA002
Sal_023233	thistle1	SA002
Sal_051456	thistle1	SA002
Sal_052567	thistle1	SA002
Sal_006983	thistle1	SA002
Sal_001079	thistle1	SA002
Sal_010319	thistle1	SA002
Sal_004856	thistle1	SA002
Sal_025408	thistle1	SA002
Sal_050873	thistle1	SA002
Sal_010175	thistle1	SA002
Sal_002124	thistle1	SA002
Sal_018007	thistle1	SA002
Sal_004957	thistle1	SA002
Sal_031802	thistle1	SA002
Sal_016968	thistle1	SA002
Sal_011732	thistle1	SA002
Sal_034233	thistle1	SA002
Sal_041256	thistle1	SA002
Sal_027906	thistle1	SA002
Sal_001096	thistle1	SA002
Sal_051278	thistle1	SA002
Sal_024215	thistle1	SA002
Sal_022185	thistle1	SA002
Sal_011125	thistle1	SA002
Sal_015082	thistle1	SA002
Sal_040784	thistle1	SA002
Sal_043811	thistle1	SA002
Sal_020602	thistle1	SA002
Sal_015643	thistle1	SA002
Sal_021063	thistle1	SA002
Sal_037246	thistle1	SA002
Sal_026780	thistle1	SA002
Sal_006636	thistle1	SA002
Sal_025842	thistle1	SA002
Sal_048677	thistle1	SA002
Sal_035181	thistle1	SA002
Sal_003047	thistle1	SA002
Sal_008762	thistle1	SA002
Sal_004911	thistle1	SA002
Sal_050167	thistle1	SA002
Sal_041706	thistle1	SA002
Sal_005459	thistle1	SA002
Sal_046810	thistle1	SA002
Sal_011788	thistle1	SA002
Sal_003769	thistle1	SA002
Sal_012935	thistle1	SA002
Sal_023911	thistle1	SA002
Sal_038292	thistle1	SA002
Sal_014184	thistle1	SA002
Sal_001970	thistle1	SA002
